,timestamp,tvl usd value,date
0,1690207200,26408439.99119007359478290927311231,2023-07-24 17:00:00
1,1690203600,26468709.89334219603962723843566023,2023-07-24 16:00:00
2,1690200000,26548723.05530391604219954783705297,2023-07-24 15:00:00
3,1690196400,26491748.07965677878109767014697929,2023-07-24 14:00:00
4,1690192800,26559386.16988644834799909310313648,2023-07-24 13:00:00
5,1690189200,26537312.52022541104199848144766195,2023-07-24 12:00:00
6,1690185600,26659310.82541805462514777138076453,2023-07-24 11:00:00
7,1690182000,26695453.30498255382227144495581213,2023-07-24 10:00:00
8,1690178400,26728818.31319619229770834130815431,2023-07-24 09:00:00
9,1690174800,26751148.10199263373510056901499631,2023-07-24 08:00:00
10,1690171200,26789931.39355123888691340014389516,2023-07-24 07:00:00
11,1690167600,26635357.97187689962015041340370214,2023-07-24 06:00:00
12,1690164000,26660232.61828337274311642966689544,2023-07-24 05:00:00
13,1690160400,26579812.83224636752003617659880232,2023-07-24 04:00:00
14,1690156800,26502430.84874343897103225564993294,2023-07-24 03:00:00
15,1690153200,26588413.04642262377115862673724695,2023-07-24 02:00:00
16,1690149600,26588150.44214491457542486510213354,2023-07-24 01:00:00
17,1690146000,26574748.91549797357934343512462037,2023-07-24 00:00:00
18,1690142400,26544779.35502703963802444059000965,2023-07-23 23:00:00
19,1690138800,26536172.3132764767095445495324849,2023-07-23 22:00:00
20,1690135200,26557868.66892262686165264161742866,2023-07-23 21:00:00
21,1690131600,26549142.671424768713952435088784,2023-07-23 20:00:00
22,1690128000,26597042.31399677004516016792732085,2023-07-23 19:00:00
23,1690124400,26651237.05696574784681787097833179,2023-07-23 18:00:00
24,1690120800,26656703.08405239115030251665488029,2023-07-23 17:00:00
25,1690117200,26659460.37059291176615484248825056,2023-07-23 16:00:00
26,1690113600,26658134.61029471400950507212025071,2023-07-23 15:00:00
27,1690110000,26654675.33660179113209117047555667,2023-07-23 14:00:00
28,1690106400,26660175.12933970447924470974462301,2023-07-23 13:00:00
29,1690102800,26657553.93471501092754015085968765,2023-07-23 12:00:00
30,1690099200,26662679.18329256090288751790745805,2023-07-23 11:00:00
31,1690095600,26644204.43608281051824374158107265,2023-07-23 10:00:00
32,1690092000,26593584.37766013351109873382763965,2023-07-23 09:00:00
33,1690088400,26579257.4417673619120865731342813,2023-07-23 08:00:00
34,1690084800,26575133.38802536585593797005402372,2023-07-23 07:00:00
35,1690081200,26598831.2244503298814040854348959,2023-07-23 06:00:00
36,1690077600,26657973.0031110907840081247636123,2023-07-23 05:00:00
37,1690074000,26722191.15374473318785855477026836,2023-07-23 04:00:00
38,1690070400,26710712.7754564394046152333736388,2023-07-23 03:00:00
39,1690066800,26631182.83736188064942438794101929,2023-07-23 02:00:00
40,1690063200,26564754.99469166930052274789546186,2023-07-23 01:00:00
41,1690059600,26563380.65978307075580634259725998,2023-07-23 00:00:00
42,1690056000,26572690.32198754546023188787491419,2023-07-22 23:00:00
43,1690052400,26564706.93593586601846541775828937,2023-07-22 22:00:00
44,1690048800,26575328.98706470696095516488626139,2023-07-22 21:00:00
45,1690045200,26529345.43775938000826438069459624,2023-07-22 20:00:00
46,1690041600,26543300.72275121424854477581568447,2023-07-22 19:00:00
47,1690038000,26558402.10228448517111003208670706,2023-07-22 18:00:00
48,1690034400,26476983.19311723632204878657661711,2023-07-22 17:00:00
49,1690030800,26471777.50351720102501685303014064,2023-07-22 16:00:00
50,1690027200,26498429.93681490594500354788361418,2023-07-22 15:00:00
51,1690023600,26492276.30630934861374186600952135,2023-07-22 14:00:00
52,1690020000,26441423.65549828986257974657796587,2023-07-22 13:00:00
53,1690016400,26194881.23760087100157164194992199,2023-07-22 12:00:00
54,1690012800,26222771.7930472239911930336790882,2023-07-22 11:00:00
55,1690009200,26280812.91328085462122899898790065,2023-07-22 10:00:00
56,1690005600,26312955.93642433976462746919128155,2023-07-22 09:00:00
57,1690002000,26288352.28141215148274859562428651,2023-07-22 08:00:00
58,1689998400,26286364.34966370840666920920100208,2023-07-22 07:00:00
59,1689994800,26240179.79583276857173426945845707,2023-07-22 06:00:00
60,1689991200,26250811.65116263276500101150157225,2023-07-22 05:00:00
61,1689987600,26289276.25604405587527528858530742,2023-07-22 04:00:00
62,1689984000,26255289.86497745501246162467858011,2023-07-22 03:00:00
63,1689980400,26291111.03713285211278949205130331,2023-07-22 02:00:00
64,1689976800,26275981.69957111510132133008755663,2023-07-22 01:00:00
65,1689973200,26236263.9288506834930473366701834,2023-07-22 00:00:00
66,1689969600,26169607.82404011789579641657085136,2023-07-21 23:00:00
67,1689966000,26087851.84674523125694366697109532,2023-07-21 22:00:00
68,1689962400,26084615.55502963423176742785405167,2023-07-21 21:00:00
69,1689958800,26332877.7970650047535376290735468,2023-07-21 20:00:00
70,1689955200,26411311.61411456313008331747884845,2023-07-21 19:00:00
71,1689951600,26356612.10862468137871578594174659,2023-07-21 18:00:00
72,1689948000,26373180.99237804670600666951045225,2023-07-21 17:00:00
73,1689944400,26248975.5825416264491974884730925,2023-07-21 16:00:00
74,1689940800,26209712.50253074704722466867458533,2023-07-21 15:00:00
75,1689937200,26383224.51664913391515960986737241,2023-07-21 14:00:00
76,1689933600,26352574.63192826791249344882881706,2023-07-21 13:00:00
77,1689930000,26310040.88290960824303594749137288,2023-07-21 12:00:00
78,1689926400,26377696.8635345904918736581472751,2023-07-21 11:00:00
79,1689922800,26411585.64863027613238911766338386,2023-07-21 10:00:00
80,1689919200,26341971.63596081886165201431995154,2023-07-21 09:00:00
81,1689915600,26368367.95291230376008641729349984,2023-07-21 08:00:00
82,1689912000,26385177.08146066287279825637958494,2023-07-21 07:00:00
83,1689908400,26315521.41122893750837168124162146,2023-07-21 06:00:00
84,1689904800,26247271.05372059447439922139851051,2023-07-21 05:00:00
85,1689901200,26227350.18829970511912182274875577,2023-07-21 04:00:00
86,1689897600,26229683.43334270157433377743892475,2023-07-21 03:00:00
87,1689894000,25888484.73922092777663755632104308,2023-07-21 02:00:00
88,1689890400,25895716.39270969026291541776611534,2023-07-21 01:00:00
89,1689886800,25987704.37436595209792721707644289,2023-07-21 00:00:00
90,1689883200,26055838.12278375663521576960408632,2023-07-20 23:00:00
91,1689879600,26000123.68205924761686205863618061,2023-07-20 22:00:00
92,1689876000,26132705.76144696790789671562692483,2023-07-20 21:00:00
93,1689872400,25951266.76814477890985465922246856,2023-07-20 20:00:00
94,1689868800,25790185.15579756792390976250397044,2023-07-20 19:00:00
95,1689865200,25711561.00081326962174283543885547,2023-07-20 18:00:00
96,1689861600,25849224.48376613872519685127708115,2023-07-20 17:00:00
97,1689858000,25651523.75368326854116440712919335,2023-07-20 16:00:00
98,1689854400,25576033.05676661484860865175244582,2023-07-20 15:00:00
99,1689850800,25467058.74086701527118984162191614,2023-07-20 14:00:00
100,1689847200,25455484.59177011560619590528853764,2023-07-20 13:00:00
101,1689843600,25457652.10338211269252477936541141,2023-07-20 12:00:00
102,1689840000,25680364.32614079160368545618358819,2023-07-20 11:00:00
103,1689836400,25619677.56019679424364170596709984,2023-07-20 10:00:00
104,1689832800,25916624.58074474517585758898067518,2023-07-20 09:00:00
105,1689829200,25859480.87974659921347083470305105,2023-07-20 08:00:00
106,1689825600,25764558.5485778771879989102741642,2023-07-20 07:00:00
107,1689822000,25868030.91616434658105246037021951,2023-07-20 06:00:00
108,1689818400,25971385.42233518777539870069578065,2023-07-20 05:00:00
109,1689814800,26010519.49605533404408268807178844,2023-07-20 04:00:00
110,1689811200,26154568.25582165728937085043258477,2023-07-20 03:00:00
111,1689807600,26248012.42768969740273896252338803,2023-07-20 02:00:00
112,1689804000,26230540.7030984044126199134181853,2023-07-20 01:00:00
113,1689800400,26170595.89183870071605343078012329,2023-07-20 00:00:00
114,1689796800,26239663.43431846871795348327840698,2023-07-19 23:00:00
115,1689793200,26256973.99377052070161831058991917,2023-07-19 22:00:00
116,1689789600,26325781.83010533687552283824129019,2023-07-19 21:00:00
117,1689786000,26385242.06268682687697918957694551,2023-07-19 20:00:00
118,1689782400,26599393.15899598713315933244787303,2023-07-19 19:00:00
119,1689778800,26622666.94086304154939756112349799,2023-07-19 18:00:00
120,1689775200,26655149.73697433494684816749943312,2023-07-19 17:00:00
121,1689771600,26666078.45329668374075155812911308,2023-07-19 16:00:00
122,1689768000,26547898.28165436197046585293809722,2023-07-19 15:00:00
123,1689764400,26521053.85777898421350958886698857,2023-07-19 14:00:00
124,1689760800,26557815.21353467553050816152868497,2023-07-19 13:00:00
125,1689757200,26571348.46742116833442016263993009,2023-07-19 12:00:00
126,1689753600,26658401.10860699867760338201701253,2023-07-19 11:00:00
127,1689750000,26579718.83447103540748337348854078,2023-07-19 10:00:00
128,1689746400,26588951.40675385937754134007870293,2023-07-19 09:00:00
129,1689742800,26490095.59454610170752092894588719,2023-07-19 08:00:00
130,1689739200,26485015.36917939786933667285488388,2023-07-19 07:00:00
131,1689735600,26476515.16535974258705929972105708,2023-07-19 06:00:00
132,1689732000,26465357.52102057184417170520956336,2023-07-19 05:00:00
133,1689728400,26441137.29694820477190308064391731,2023-07-19 04:00:00
134,1689724800,26481359.1700758816439456482834609,2023-07-19 03:00:00
135,1689721200,26535591.96688594060109557882272862,2023-07-19 02:00:00
136,1689717600,26552798.91937315697402351547141583,2023-07-19 01:00:00
137,1689714000,26581822.10684605957461456284774216,2023-07-19 00:00:00
138,1689710400,26624779.92386685312436518055008777,2023-07-18 23:00:00
139,1689706800,26596337.681460372652064328613945,2023-07-18 22:00:00
140,1689703200,26613187.02362326235651011069074898,2023-07-18 21:00:00
141,1689699600,26527896.11816386581678417797113982,2023-07-18 20:00:00
142,1689696000,26535356.59594138564069673710700567,2023-07-18 19:00:00
143,1689692400,26530621.21880181307935115082090696,2023-07-18 18:00:00
144,1689688800,26548908.16510643499665558704448033,2023-07-18 17:00:00
145,1689685200,26529046.50522635228390079825432122,2023-07-18 16:00:00
146,1689681600,26546689.50352448523513449051700991,2023-07-18 15:00:00
147,1689678000,26558158.82516604553956501426328268,2023-07-18 14:00:00
148,1689674400,26719846.74053408064441984799081269,2023-07-18 13:00:00
149,1689670800,26649776.37353886440283722869373371,2023-07-18 12:00:00
150,1689667200,26725231.68788315127622147068248173,2023-07-18 11:00:00
151,1689663600,26158172.63932060377567828838978695,2023-07-18 10:00:00
152,1689660000,26097189.40306108068749636593455374,2023-07-18 09:00:00
153,1689656400,26037041.00236514840559451593371979,2023-07-18 08:00:00
154,1689652800,26023000.65307428545366399159350164,2023-07-18 07:00:00
155,1689649200,25986304.07459186761984290204327102,2023-07-18 06:00:00
156,1689645600,26028858.63273529511958530640758302,2023-07-18 05:00:00
157,1689642000,25890138.06089550026206709132808188,2023-07-18 04:00:00
158,1689638400,25798966.14492926937843980896685393,2023-07-18 03:00:00
159,1689634800,25764252.52048179043573463406510176,2023-07-18 02:00:00
160,1689631200,25639803.86479674006944132251728493,2023-07-18 01:00:00
161,1689627600,25626197.27766796594416102410758779,2023-07-18 00:00:00
162,1689624000,25560043.41382164206634272618838363,2023-07-17 23:00:00
163,1689620400,25498737.81335204328058802251590759,2023-07-17 22:00:00
164,1689616800,25681824.31610431774431290510994882,2023-07-17 21:00:00
165,1689613200,25620069.69554675569381338540541889,2023-07-17 20:00:00
166,1689609600,25677906.38043185852712836033204625,2023-07-17 19:00:00
167,1689606000,25629702.86716459289755979561734362,2023-07-17 18:00:00
168,1689602400,25546320.31688231984854696852086791,2023-07-17 17:00:00
169,1689598800,25566495.63324477389283174517617101,2023-07-17 16:00:00
170,1689595200,25866901.16943846810724242288640766,2023-07-17 15:00:00
171,1689591600,25974178.86194945359737589659870919,2023-07-17 14:00:00
172,1689588000,26054440.15485516316391816938679575,2023-07-17 13:00:00
173,1689584400,26147126.08587459009021561887883177,2023-07-17 12:00:00
174,1689580800,25949925.92219730417712326884724632,2023-07-17 11:00:00
175,1689577200,26063963.57371588279139589116457419,2023-07-17 10:00:00
176,1689573600,26046206.05155851376769657771910981,2023-07-17 09:00:00
177,1689570000,26085845.45829225364699734822452058,2023-07-17 08:00:00
178,1689566400,26078922.6973932033689337246544286,2023-07-17 07:00:00
179,1689562800,26101355.43089601320773331589963419,2023-07-17 06:00:00
180,1689559200,26133284.39363337377939585195150452,2023-07-17 05:00:00
181,1689555600,26178209.94352284084270984976526809,2023-07-17 04:00:00
182,1689552000,26281795.69033916590506538398452026,2023-07-17 03:00:00
183,1689548400,26238316.69391004100538760108108576,2023-07-17 02:00:00
184,1689544800,26169833.57984111692479353571822216,2023-07-17 01:00:00
185,1689541200,26049164.9901503476946909270913122,2023-07-17 00:00:00
186,1689537600,25807982.45653875663785053164643251,2023-07-16 23:00:00
187,1689534000,26051917.98907312830293581446770827,2023-07-16 22:00:00
188,1689530400,26080059.14413188666469515650466446,2023-07-16 21:00:00
189,1689526800,26072818.91904063623387358108101926,2023-07-16 20:00:00
190,1689523200,26059489.19209238207625749840763092,2023-07-16 19:00:00
191,1689519600,25918241.30428015499746799376049919,2023-07-16 18:00:00
192,1689516000,25863062.5146734348315721959887872,2023-07-16 17:00:00
193,1689512400,25855219.10717795886043874833777197,2023-07-16 16:00:00
194,1689508800,25812317.66110339338609872548737816,2023-07-16 15:00:00
195,1689505200,25814093.51615610991110121102449012,2023-07-16 14:00:00
196,1689501600,25895714.11861961800191467928342946,2023-07-16 13:00:00
197,1689498000,25841242.73570027386323855518389314,2023-07-16 12:00:00
198,1689494400,25859922.46503762312592346952805003,2023-07-16 11:00:00
199,1689490800,25811543.95960662018507750078358389,2023-07-16 10:00:00
200,1689487200,25792221.93660841697357938112166654,2023-07-16 09:00:00
201,1689483600,25841255.82400257401170477151191975,2023-07-16 08:00:00
202,1689480000,25874669.65672887958878678444442323,2023-07-16 07:00:00
203,1689476400,25871015.42902361866187387464086565,2023-07-16 06:00:00
204,1689472800,25913990.81928324164526207352322277,2023-07-16 05:00:00
205,1689469200,25856885.50145969770164412920623306,2023-07-16 04:00:00
206,1689465600,25850138.24489262515870383521671005,2023-07-16 03:00:00
207,1689462000,25792145.74438669608030763698692522,2023-07-16 02:00:00
208,1689458400,25791364.93537365904479163892906747,2023-07-16 01:00:00
209,1689454800,25720151.60653265499016405672677728,2023-07-16 00:00:00
210,1689451200,25555676.92838326843579698451801085,2023-07-15 23:00:00
211,1689447600,25482840.80907178959341868650543292,2023-07-15 22:00:00
212,1689444000,25547656.5021108949732524570562328,2023-07-15 21:00:00
213,1689440400,25586440.88785442980875960256192021,2023-07-15 20:00:00
214,1689436800,25584094.1563564086894219405263639,2023-07-15 19:00:00
215,1689433200,25509221.01953925555074763097641026,2023-07-15 18:00:00
216,1689429600,25454759.05003504207347514901098703,2023-07-15 17:00:00
217,1689426000,25411628.96952951778543574299837326,2023-07-15 16:00:00
218,1689422400,25317007.02899994730121670132449673,2023-07-15 15:00:00
219,1689418800,25352504.09594957777666352970402203,2023-07-15 14:00:00
220,1689415200,25203644.27051098650406316015229576,2023-07-15 13:00:00
221,1689411600,25289307.94836099194859633666543702,2023-07-15 12:00:00
222,1689408000,25256550.70464159656886331409181558,2023-07-15 11:00:00
223,1689404400,25171627.44487427848906113443425409,2023-07-15 10:00:00
224,1689400800,25185991.54173077153596901942185773,2023-07-15 09:00:00
225,1689397200,25321032.882532675698879070058888,2023-07-15 08:00:00
226,1689393600,25294306.3779342955617958842432509,2023-07-15 07:00:00
227,1689390000,25349726.15013164470509055887605786,2023-07-15 06:00:00
228,1689386400,25321655.40495772987761347992129099,2023-07-15 05:00:00
229,1689382800,25327722.97404187716264401810389802,2023-07-15 04:00:00
230,1689379200,25309105.40442831863328758395530226,2023-07-15 03:00:00
231,1689375600,25298697.44289716330680048534460558,2023-07-15 02:00:00
232,1689372000,25316494.47940533165749264835589048,2023-07-15 01:00:00
233,1689368400,25491639.89399805017675836448725109,2023-07-15 00:00:00
234,1689364800,25434161.2172536312668295836344436,2023-07-14 23:00:00
235,1689361200,25451595.47546506389232296317416874,2023-07-14 22:00:00
236,1689357600,25428445.00169723248072202169866576,2023-07-14 21:00:00
237,1689354000,25666088.83845248289689867571064922,2023-07-14 20:00:00
238,1689350400,25733115.47133142848161198426441369,2023-07-14 19:00:00
239,1689346800,25527724.89080251285989721651211962,2023-07-14 18:00:00
240,1689343200,25483099.21991726019242507419019048,2023-07-14 17:00:00
241,1689339600,25174107.9514910665412467339411174,2023-07-14 16:00:00
242,1689336000,25153238.6314465334860578836533297,2023-07-14 15:00:00
243,1689332400,24983897.37378891310803203043849952,2023-07-14 14:00:00
244,1689328800,24971313.71329322081536528939732512,2023-07-14 13:00:00
245,1689325200,24835344.98027454450658143438470409,2023-07-14 12:00:00
246,1689321600,24558346.73321590628749572693149588,2023-07-14 11:00:00
247,1689318000,24645599.28911482684599596483317361,2023-07-14 10:00:00
248,1689314400,24805253.79191291941984435126668165,2023-07-14 09:00:00
249,1689310800,24856400.85759788200063542399572069,2023-07-14 08:00:00
250,1689307200,24946352.76209387441410616757916168,2023-07-14 07:00:00
251,1689303600,25170785.95110069261643184306928896,2023-07-14 06:00:00
252,1689300000,24897490.56393407865138306936657362,2023-07-14 05:00:00
253,1689296400,24856588.2726463218715029217752748,2023-07-14 04:00:00
254,1689292800,24742325.65412502917257397277752782,2023-07-14 03:00:00
255,1689289200,24676704.43536681345401630780542864,2023-07-14 02:00:00
256,1689285600,24489469.33768130312392729988080116,2023-07-14 01:00:00
257,1689282000,24510901.35622274165303486732281008,2023-07-14 00:00:00
258,1689278400,24356899.22368932080619804872019021,2023-07-13 23:00:00
259,1689274800,24378744.76771451694147851142368187,2023-07-13 22:00:00
260,1689271200,24180001.14528379276044796960156483,2023-07-13 21:00:00
261,1689267600,20382934.77806801611916416433072958,2023-07-13 20:00:00
262,1689264000,20179170.09251026754613024686165485,2023-07-13 19:00:00
263,1689260400,21099579.98830946583493807855871376,2023-07-13 18:00:00
264,1689256800,21191660.50498550207212790091840343,2023-07-13 17:00:00
265,1689253200,21123477.5850205088349089943500553,2023-07-13 16:00:00
266,1689249600,21009350.17956478723677993207983782,2023-07-13 15:00:00
267,1689246000,20794426.40769586467332156219390546,2023-07-13 14:00:00
268,1689242400,20762679.67455867439819859832765253,2023-07-13 13:00:00
269,1689238800,20871643.05741153135251665995432988,2023-07-13 12:00:00
270,1689235200,21756199.95337536263503546859848805,2023-07-13 11:00:00
271,1689231600,21830593.1274852673592734608820803,2023-07-13 10:00:00
272,1689228000,21728426.25904394298165764438808758,2023-07-13 09:00:00
273,1689224400,21897018.57571534392730175616827923,2023-07-13 08:00:00
274,1689220800,22087026.9766808015120405670344951,2023-07-13 07:00:00
275,1689217200,22191383.02620532760835999453558995,2023-07-13 06:00:00
276,1689213600,22209458.6140967503287174948220249,2023-07-13 05:00:00
277,1689210000,22162136.20831413293328405562972139,2023-07-13 04:00:00
278,1689206400,21973216.6709156200405108900306788,2023-07-13 03:00:00
279,1689202800,21803414.73342938614551354618229185,2023-07-13 02:00:00
280,1689199200,21759082.69425809499989070007155503,2023-07-13 01:00:00
281,1689195600,21818601.94781597248247413127994481,2023-07-13 00:00:00
282,1689192000,21957713.53320117419228974177303917,2023-07-12 23:00:00
283,1689188400,22042635.51929468347010877760528381,2023-07-12 22:00:00
284,1689184800,22087971.93181450769212244431275089,2023-07-12 21:00:00
285,1689181200,22102081.75136390416660642446024379,2023-07-12 20:00:00
286,1689177600,21972200.4676699032296125258353186,2023-07-12 19:00:00
287,1689174000,21619270.69682481805912262721792371,2023-07-12 18:00:00
288,1689170400,21570496.0994418578436500318010013,2023-07-12 17:00:00
289,1689166800,21536996.78662599011091127291989869,2023-07-12 16:00:00
290,1689163200,21654610.9683483848295446151531917,2023-07-12 15:00:00
291,1689159600,21629547.12154397572939654034399385,2023-07-12 14:00:00
292,1689156000,21710056.04686715013989208275633535,2023-07-12 13:00:00
293,1689152400,21726710.52476331651083981043790308,2023-07-12 12:00:00
294,1689148800,21649975.31423059577518411494814178,2023-07-12 11:00:00
295,1689145200,21640346.56942902539018651790625224,2023-07-12 10:00:00
296,1689141600,21452446.09347898506914019692719987,2023-07-12 09:00:00
297,1689138000,21426234.12537116870273852254214794,2023-07-12 08:00:00
298,1689134400,21469628.28677401578829335272454958,2023-07-12 07:00:00
299,1689130800,21436944.3140617863860929442879247,2023-07-12 06:00:00
300,1689127200,21127968.31974355024991905135920985,2023-07-12 05:00:00
301,1689123600,20883079.89230910253812210621456564,2023-07-12 04:00:00
302,1689120000,21154559.84565344400282311771727745,2023-07-12 03:00:00
303,1689116400,21103145.02909266911000231299827961,2023-07-12 02:00:00
304,1689112800,21117903.30248020858178142207361636,2023-07-12 01:00:00
305,1689109200,21131886.25562619249513659242151503,2023-07-12 00:00:00
306,1689105600,21093028.16583017025308238067121993,2023-07-11 23:00:00
307,1689102000,20894983.50223931435595116082326411,2023-07-11 22:00:00
308,1689098400,20926736.88122491816797321216314911,2023-07-11 21:00:00
309,1689094800,20983976.73169752897146899111931002,2023-07-11 20:00:00
310,1689091200,21014936.08152959962717590444905631,2023-07-11 19:00:00
311,1689087600,20981296.63756037339783118961816457,2023-07-11 18:00:00
312,1689084000,20911853.47647370189072304388630079,2023-07-11 17:00:00
313,1689080400,20944347.73622510631360104412740665,2023-07-11 16:00:00
314,1689076800,21094816.50507537364928343589303336,2023-07-11 15:00:00
315,1689073200,21077614.45222330042906403515286258,2023-07-11 14:00:00
316,1689069600,21112450.87597686326923040672579895,2023-07-11 13:00:00
317,1689066000,21093800.46996770698151623654411592,2023-07-11 12:00:00
318,1689062400,21162575.1297669130403890571646095,2023-07-11 11:00:00
319,1689058800,21093838.01812227154381147229326935,2023-07-11 10:00:00
320,1689055200,21047876.44295822674661258044194352,2023-07-11 09:00:00
321,1689051600,21127556.79429065896844243427791915,2023-07-11 08:00:00
322,1689048000,21165215.44031845583349753472171081,2023-07-11 07:00:00
323,1689044400,20906686.90694841810048499674019422,2023-07-11 06:00:00
324,1689040800,20961106.52851052658396300331026032,2023-07-11 05:00:00
325,1689037200,20941473.56071032779704059539731665,2023-07-11 04:00:00
326,1689033600,21024505.66945643227682534837605994,2023-07-11 03:00:00
327,1689030000,20991932.37521000798115720511389597,2023-07-11 02:00:00
328,1689026400,21022341.83375677731841963307003718,2023-07-11 01:00:00
329,1689022800,20974647.30903949394978323233493521,2023-07-11 00:00:00
330,1689019200,20887150.07395864594917144787264009,2023-07-10 23:00:00
331,1689015600,20911034.99163972438606070606523191,2023-07-10 22:00:00
332,1689012000,20836804.33363956841055322978598888,2023-07-10 21:00:00
333,1689008400,20744762.25869596678737823575374927,2023-07-10 20:00:00
334,1689004800,20842684.80095582957668141382751961,2023-07-10 19:00:00
335,1689001200,20873786.97090488801326392663695404,2023-07-10 18:00:00
336,1688997600,20986584.64944871631496100544171683,2023-07-10 17:00:00
337,1688994000,20936050.96849554912008798549490609,2023-07-10 16:00:00
338,1688990400,21054101.18269135870846741912423058,2023-07-10 15:00:00
339,1688986800,21682161.73938376677034427385612876,2023-07-10 14:00:00
340,1688983200,21748060.65656219853512418324962305,2023-07-10 13:00:00
341,1688979600,21807566.50324547993527922871203796,2023-07-10 12:00:00
342,1688976000,21895841.72490754355779782642609891,2023-07-10 11:00:00
343,1688972400,21787421.73810996061316980772051226,2023-07-10 10:00:00
344,1688968800,21792812.21017280338092854368086651,2023-07-10 09:00:00
345,1688965200,21766447.70709901066098430885938019,2023-07-10 08:00:00
346,1688961600,21661875.07910962594694940671700987,2023-07-10 07:00:00
347,1688958000,21674847.76690672828317663405698027,2023-07-10 06:00:00
348,1688954400,21709781.70990996944648839359394654,2023-07-10 05:00:00
349,1688950800,21745168.97892226200155430140735354,2023-07-10 04:00:00
350,1688947200,21654147.83304465192258721293535706,2023-07-10 03:00:00
351,1688943600,21440483.05347199782091094756986942,2023-07-10 02:00:00
352,1688940000,21395889.16593083592308782018740803,2023-07-10 01:00:00
353,1688936400,21450588.56537168136653274416043371,2023-07-10 00:00:00
354,1688932800,21437275.15880212209275816565187652,2023-07-09 23:00:00
355,1688929200,21333532.31078593691892109431728179,2023-07-09 22:00:00
356,1688925600,21281495.88300752860097375916055965,2023-07-09 21:00:00
357,1688922000,21192817.44500458735435453108093298,2023-07-09 20:00:00
358,1688918400,21129961.9611235760201270839568487,2023-07-09 19:00:00
359,1688914800,21271263.42257402922683458072491948,2023-07-09 18:00:00
360,1688911200,21310773.18598188134806116210331936,2023-07-09 17:00:00
361,1688907600,21333612.42451311521351186440199446,2023-07-09 16:00:00
362,1688904000,21225463.30199432857395596903869224,2023-07-09 15:00:00
363,1688900400,21193767.31286685280945903587591545,2023-07-09 14:00:00
364,1688896800,21393415.13929062813593392171762834,2023-07-09 13:00:00
365,1688893200,21541215.9405197747474360531545239,2023-07-09 12:00:00
366,1688889600,21575837.24324285807920006352998334,2023-07-09 11:00:00
367,1688886000,21601962.10824219651731340166663874,2023-07-09 10:00:00
368,1688882400,21502993.415349482988715344495812,2023-07-09 09:00:00
369,1688878800,21441718.66333773594208166025476327,2023-07-09 08:00:00
370,1688875200,21421399.84848325581656379469910864,2023-07-09 07:00:00
371,1688871600,21377388.50708421139915862422247295,2023-07-09 06:00:00
372,1688868000,21449707.1558659096405556409482791,2023-07-09 05:00:00
373,1688864400,21429537.3496640207398309593234788,2023-07-09 04:00:00
374,1688860800,21466945.18136137138478549650161282,2023-07-09 03:00:00
375,1688857200,21640682.01554262528349167553207227,2023-07-09 02:00:00
376,1688853600,21630804.74493087084930047847503825,2023-07-09 01:00:00
377,1688850000,21653207.13440916731421669001244462,2023-07-09 00:00:00
378,1688846400,21671573.43599303329507347298934709,2023-07-08 23:00:00
379,1688842800,21613628.70182934442180492984448039,2023-07-08 22:00:00
380,1688839200,21542857.52000380045056505841492853,2023-07-08 21:00:00
381,1688835600,21552733.69956731662769210509739386,2023-07-08 20:00:00
382,1688832000,21515460.94841677948018290302219678,2023-07-08 19:00:00
383,1688828400,21512660.67555851136565613921890378,2023-07-08 18:00:00
384,1688824800,21551424.16974421368190973299242896,2023-07-08 17:00:00
385,1688821200,21575167.48037186850349774413491154,2023-07-08 16:00:00
386,1688817600,21556279.6544245292089471238836219,2023-07-08 15:00:00
387,1688814000,21482457.37404888468452719674307742,2023-07-08 14:00:00
388,1688810400,21521251.08102255126015027286896624,2023-07-08 13:00:00
389,1688806800,21576746.36841114116402686431128055,2023-07-08 12:00:00
390,1688803200,21520030.41830353939076483250997668,2023-07-08 11:00:00
391,1688799600,21588117.68180281497901565876901072,2023-07-08 10:00:00
392,1688796000,21612775.35527236684393347004244767,2023-07-08 09:00:00
393,1688792400,21579682.26330864444528760914822004,2023-07-08 08:00:00
394,1688788800,21565261.45985205066049168407798558,2023-07-08 07:00:00
395,1688785200,21575922.96255620857127690543945982,2023-07-08 06:00:00
396,1688781600,21497632.78694316923654555271375154,2023-07-08 05:00:00
397,1688778000,21556040.23040029523610093330228236,2023-07-08 04:00:00
398,1688774400,21692060.55916458146658197674674152,2023-07-08 03:00:00
399,1688770800,21749986.69698368897641403509692156,2023-07-08 02:00:00
400,1688767200,21736281.00231609821132524705597735,2023-07-08 01:00:00
401,1688763600,21765403.97487728138014895744509385,2023-07-08 00:00:00
402,1688760000,21782283.71051130530674908325034295,2023-07-07 23:00:00
403,1688756400,21718399.29587756421829304909792762,2023-07-07 22:00:00
404,1688752800,21102319.8005358452423169230840209,2023-07-07 21:00:00
405,1688749200,20977563.10365948952796202436588184,2023-07-07 20:00:00
406,1688745600,21015185.38163917659674624795939053,2023-07-07 19:00:00
407,1688742000,21036195.05737015299624992282951779,2023-07-07 18:00:00
408,1688738400,20972829.87631203949074112923502779,2023-07-07 17:00:00
409,1688734800,20918033.85353988663583708121642255,2023-07-07 16:00:00
410,1688731200,21015232.50944024179382834492379011,2023-07-07 15:00:00
411,1688727600,21035704.73666849574222740618131745,2023-07-07 14:00:00
412,1688724000,21075529.75130769720847592734183212,2023-07-07 13:00:00
413,1688720400,21147964.78673239272645449251913219,2023-07-07 12:00:00
414,1688716800,21231058.70002507663722191576061963,2023-07-07 11:00:00
415,1688713200,21256541.89989739872426134255175912,2023-07-07 10:00:00
416,1688709600,20473875.0739724500260544214597496,2023-07-07 09:00:00
417,1688706000,20485102.66897808523125246238392997,2023-07-07 08:00:00
418,1688702400,20495620.01489880730805212148805687,2023-07-07 07:00:00
419,1688698800,20242994.35385450114942143650178775,2023-07-07 06:00:00
420,1688695200,20250411.69786361917984774249373102,2023-07-07 05:00:00
421,1688691600,20295318.48555425112619376706059736,2023-07-07 04:00:00
422,1688688000,20343638.17408769615784658449133213,2023-07-07 03:00:00
423,1688684400,20460654.25457969440556754988794132,2023-07-07 02:00:00
424,1688680800,20410870.33678287668946542740898888,2023-07-07 01:00:00
425,1688677200,20397705.65591522156282856906460003,2023-07-07 00:00:00
426,1688673600,20274960.05436364253074723288256844,2023-07-06 23:00:00
427,1688670000,20364735.02159730336690421319652015,2023-07-06 22:00:00
428,1688666400,20219290.4831038599512768655965421,2023-07-06 21:00:00
429,1688662800,20511602.06897868547684458121752441,2023-07-06 20:00:00
430,1688659200,20680742.81427755332803585142828041,2023-07-06 19:00:00
431,1688655600,20532028.69980017222121728018791004,2023-07-06 18:00:00
432,1688652000,20756151.90499842358440064024786843,2023-07-06 17:00:00
433,1688648400,20590451.38706805605391179041800622,2023-07-06 16:00:00
434,1688644800,20415433.03328318361080778947086769,2023-07-06 15:00:00
435,1688641200,20369730.13518384391852280405082587,2023-07-06 14:00:00
436,1688637600,20373161.40906060676344179055534363,2023-07-06 13:00:00
437,1688634000,20693759.82719533747341693696402798,2023-07-06 12:00:00
438,1688630400,20741736.20387177974110385770825843,2023-07-06 11:00:00
439,1688626800,20722077.16637452967361781260191271,2023-07-06 10:00:00
440,1688623200,20764641.43118441308478938132848521,2023-07-06 09:00:00
441,1688619600,20811203.28782446103079838594724664,2023-07-06 08:00:00
442,1688616000,20995007.60708435240960820609388001,2023-07-06 07:00:00
443,1688612400,21004462.30404850629069995913789977,2023-07-06 06:00:00
444,1688608800,21050183.24021733697644617005285675,2023-07-06 05:00:00
445,1688605200,20948893.56842847290570618552995044,2023-07-06 04:00:00
446,1688601600,20987433.8433088035020925260457351,2023-07-06 03:00:00
447,1688598000,20997129.6622343869756739220792703,2023-07-06 02:00:00
448,1688594400,21091625.4584939969344648545790937,2023-07-06 01:00:00
449,1688590800,21034281.94186224915886767876610252,2023-07-06 00:00:00
450,1688587200,21045336.72771019274021411297074971,2023-07-05 23:00:00
451,1688583600,21193327.46253892608221706447898853,2023-07-05 22:00:00
452,1688580000,21158140.4666049656679124631190274,2023-07-05 21:00:00
453,1688576400,21090815.66485934976601324283661433,2023-07-05 20:00:00
454,1688572800,21139731.10063195022992021314663164,2023-07-05 19:00:00
455,1688569200,21104330.58009153726360955920349185,2023-07-05 18:00:00
456,1688565600,20975070.76367160374275836440231936,2023-07-05 17:00:00
457,1688562000,20916422.59111170442336469356235251,2023-07-05 16:00:00
458,1688558400,20967633.28827998624250899988488226,2023-07-05 15:00:00
459,1688554800,20934250.58768061938516750012444612,2023-07-05 14:00:00
460,1688551200,20693773.58180943392732352089164048,2023-07-05 13:00:00
461,1688547600,20510116.93340269810611686997215348,2023-07-05 12:00:00
462,1688544000,20476340.0923772030809862046768814,2023-07-05 11:00:00
463,1688540400,20459266.17176167909362758541021907,2023-07-05 10:00:00
464,1688536800,20470238.01342661838949365506078416,2023-07-05 09:00:00
465,1688533200,20424349.38515454030353172055790357,2023-07-05 08:00:00
466,1688529600,20503746.1781412741797992587729886,2023-07-05 07:00:00
467,1688526000,20335717.89680389469034710741795079,2023-07-05 06:00:00
468,1688522400,20403387.3719657294113922306890338,2023-07-05 05:00:00
469,1688518800,20444012.5306942995086814447991362,2023-07-05 04:00:00
470,1688515200,20521029.42664187592912573855884995,2023-07-05 03:00:00
471,1688511600,20501190.94795841584459193683594503,2023-07-05 02:00:00
472,1688508000,20483083.98798280350255392487781118,2023-07-05 01:00:00
473,1688504400,20451247.15458987106002168692961205,2023-07-05 00:00:00
474,1688500800,20403939.2239183258903462229088872,2023-07-04 23:00:00
475,1688497200,20465197.29778846086586251714216856,2023-07-04 22:00:00
476,1688493600,20676817.217681682273980195163003,2023-07-04 21:00:00
477,1688490000,20564379.47294547612790987814421864,2023-07-04 20:00:00
478,1688486400,20454614.54501619311931269311009892,2023-07-04 19:00:00
479,1688482800,20484014.91880043644503832661886937,2023-07-04 18:00:00
480,1688479200,20579256.10965828401381378589614757,2023-07-04 17:00:00
481,1688475600,20564659.27431637738818552901192376,2023-07-04 16:00:00
482,1688472000,20522013.91974132738917846345575264,2023-07-04 15:00:00
483,1688468400,20440963.98822856639360897413626436,2023-07-04 14:00:00
484,1688464800,20424587.40565346052874886409290073,2023-07-04 13:00:00
485,1688461200,20428222.50875963670422819526845999,2023-07-04 12:00:00
486,1688457600,20435887.86761281886475119741316612,2023-07-04 11:00:00
487,1688454000,20316892.58362013927409634986369993,2023-07-04 10:00:00
488,1688450400,20363640.25744553496370225156630038,2023-07-04 09:00:00
489,1688446800,20350679.96130350156921249767479803,2023-07-04 08:00:00
490,1688443200,20260367.9707226320497347583903261,2023-07-04 07:00:00
491,1688439600,20212066.76621482473884226170352545,2023-07-04 06:00:00
492,1688436000,20244697.71504653320962149020791031,2023-07-04 05:00:00
493,1688432400,20260914.71413137356265229172393282,2023-07-04 04:00:00
494,1688428800,20223820.51569160009468345382325993,2023-07-04 03:00:00
495,1688425200,20151938.24119292362594707290448547,2023-07-04 02:00:00
496,1688421600,20168031.82364782542551721118875248,2023-07-04 01:00:00
497,1688418000,20211976.92056724713008039928097377,2023-07-04 00:00:00
498,1688414400,20262667.31298134323562168372179704,2023-07-03 23:00:00
499,1688410800,20117466.18527942200418315462544488,2023-07-03 22:00:00
500,1688407200,20269813.21823248665084455043775408,2023-07-03 21:00:00
501,1688403600,20264987.92663137229519839879983526,2023-07-03 20:00:00
502,1688400000,20206007.33731151813870907563342127,2023-07-03 19:00:00
503,1688396400,20290115.58384667170477338044538592,2023-07-03 18:00:00
504,1688392800,20208431.84611084428382964005760167,2023-07-03 17:00:00
505,1688389200,20292727.70947103634210451333884925,2023-07-03 16:00:00
506,1688385600,20517090.76941365591350350474149936,2023-07-03 15:00:00
507,1688382000,20397473.3351064025952651717046238,2023-07-03 14:00:00
508,1688378400,20370207.0845710318501865209527576,2023-07-03 13:00:00
509,1688374800,20319810.22898987918951969357833484,2023-07-03 12:00:00
510,1688371200,20265051.88283936099116874452685793,2023-07-03 11:00:00
511,1688367600,20317400.63881950679007141093342927,2023-07-03 10:00:00
512,1688364000,20144179.67765761397691423327359404,2023-07-03 09:00:00
513,1688360400,20096468.55094340885260245335786508,2023-07-03 08:00:00
514,1688356800,20057673.7586989809493122519333632,2023-07-03 07:00:00
515,1688353200,20079466.39374592603337866860155014,2023-07-03 06:00:00
516,1688349600,20036305.61387471235550067771792302,2023-07-03 05:00:00
517,1688346000,20014718.14232023868289590763535138,2023-07-03 04:00:00
518,1688342400,19969036.00122430348478321240375102,2023-07-03 03:00:00
519,1688338800,19960096.0614839341821546459354493,2023-07-03 02:00:00
520,1688335200,19997697.41414421984243945067706873,2023-07-03 01:00:00
521,1688331600,19963677.7092505590801540030226314,2023-07-03 00:00:00
522,1688328000,19967211.30173949964099530944291344,2023-07-02 23:00:00
523,1688324400,20001679.50514886434327550571150676,2023-07-02 22:00:00
524,1688320800,20005337.77623609011757115819797765,2023-07-02 21:00:00
525,1688317200,20009772.62265463035217240461642207,2023-07-02 20:00:00
526,1688313600,19948719.17285234439709665857570352,2023-07-02 19:00:00
527,1688310000,19968393.73543924124316735738681252,2023-07-02 18:00:00
528,1688306400,20074477.63552422133080622027965116,2023-07-02 17:00:00
529,1688302800,20077917.47283449337375942691637411,2023-07-02 16:00:00
530,1688299200,20038217.1446098909812372100334677,2023-07-02 15:00:00
531,1688295600,20142312.48631722768476492361007875,2023-07-02 14:00:00
532,1688292000,20155381.50933692212496732957991913,2023-07-02 13:00:00
533,1688288400,20103410.67634383545519124386477877,2023-07-02 12:00:00
534,1688284800,20052318.02366131778395937341919434,2023-07-02 11:00:00
535,1688281200,19947749.64081078614585940561010739,2023-07-02 10:00:00
536,1688277600,19952984.35013263405854559679535661,2023-07-02 09:00:00
537,1688274000,20037828.73191035465748520357698063,2023-07-02 08:00:00
538,1688270400,20071620.67486944454242178373265839,2023-07-02 07:00:00
539,1688266800,20163728.10399363035214981186563981,2023-07-02 06:00:00
540,1688263200,20157192.56793189438576126034630667,2023-07-02 05:00:00
541,1688259600,20097008.22071101554017729092738587,2023-07-02 04:00:00
542,1688256000,19957934.47866763951257321241666349,2023-07-02 03:00:00
543,1688252400,20186237.22162739091767405224679946,2023-07-02 02:00:00
544,1688248800,20270211.69447998655737412415854267,2023-07-02 01:00:00
545,1688245200,20304764.54742588218723091016243701,2023-07-02 00:00:00
546,1688241600,20257006.01460854168992602696334611,2023-07-01 23:00:00
547,1688238000,20293200.42114639950367585139870257,2023-07-01 22:00:00
548,1688234400,20240198.45834048514456830419649036,2023-07-01 21:00:00
549,1688230800,20224745.55127940867390994119955215,2023-07-01 20:00:00
550,1688227200,20203783.34001349745197676779183214,2023-07-01 19:00:00
551,1688223600,20135300.25017920981320111178388046,2023-07-01 18:00:00
552,1688220000,20114866.84003380573041565356862401,2023-07-01 17:00:00
553,1688216400,20180330.63222031137698676597880219,2023-07-01 16:00:00
554,1688212800,20207291.94160723598626587330738721,2023-07-01 15:00:00
555,1688209200,20322002.35852307541716161925892327,2023-07-01 14:00:00
556,1688205600,20398377.24361361124402815844459199,2023-07-01 13:00:00
557,1688202000,20351400.86980163237989307318996863,2023-07-01 12:00:00
558,1688198400,20330917.15706831201329500011785521,2023-07-01 11:00:00
559,1688194800,20343503.45483451066586711907243895,2023-07-01 10:00:00
560,1688191200,20398780.70632365116288346080294829,2023-07-01 09:00:00
561,1688187600,20441072.50323068663938914780430401,2023-07-01 08:00:00
562,1688184000,20423592.60238938661574267517663867,2023-07-01 07:00:00
563,1688180400,20385206.17150597250551855959039072,2023-07-01 06:00:00
564,1688176800,20426775.43031437521104594481037425,2023-07-01 05:00:00
565,1688173200,20309566.70234847261340144133340835,2023-07-01 04:00:00
566,1688169600,20459119.50848834756582330359802065,2023-07-01 03:00:00
567,1688166000,20315044.63240579343054182665237813,2023-07-01 02:00:00
568,1688162400,20265167.7331318725657091552190211,2023-07-01 01:00:00
569,1688158800,20311406.55853252639112931386538954,2023-07-01 00:00:00
570,1688155200,20375605.67787039435872966855530387,2023-06-30 23:00:00
571,1688151600,20418681.68002795503838966212358669,2023-06-30 22:00:00
572,1688148000,20417594.97649806833023621666167155,2023-06-30 21:00:00
573,1688144400,20632734.5526131747706109532152484,2023-06-30 20:00:00
574,1688140800,20658910.1046531962887100153716258,2023-06-30 19:00:00
575,1688137200,20479118.77922547820325844806848507,2023-06-30 18:00:00
576,1688133600,20353765.5103165019483868575152851,2023-06-30 17:00:00
577,1688130000,20278926.74365603339038619353571021,2023-06-30 16:00:00
578,1688126400,20127486.19407429886802808369518674,2023-06-30 15:00:00
579,1688122800,20124540.27979007104574732557644227,2023-06-30 14:00:00
580,1688119200,20100360.34465529815564029856931754,2023-06-30 13:00:00
581,1688115600,20038710.92153362996057294358704936,2023-06-30 12:00:00
582,1688112000,20158547.17604073979027088265160764,2023-06-30 11:00:00
583,1688108400,20245005.62138900469321906013587429,2023-06-30 10:00:00
584,1688104800,20197496.80303629525768548384707065,2023-06-30 09:00:00
585,1688101200,20207468.35760363459993309336843422,2023-06-30 08:00:00
586,1688097600,20226053.11098368637473062637106165,2023-06-30 07:00:00
587,1688094000,20112095.88761538877481053029055136,2023-06-30 06:00:00
588,1688090400,20356914.1253398425245570688550755,2023-06-30 05:00:00
589,1688086800,20412200.43039983930398192396358795,2023-06-30 04:00:00
590,1688083200,20442653.28913718725766409137770812,2023-06-30 03:00:00
591,1688079600,20451213.15403897456387032533536187,2023-06-30 02:00:00
592,1688076000,20442986.11051618012804776787819933,2023-06-30 01:00:00
593,1688072400,20426682.29581694702693052486453427,2023-06-30 00:00:00
594,1688068800,20438537.97163099575518687051122342,2023-06-29 23:00:00
595,1688065200,20438743.61417753917021906888749783,2023-06-29 22:00:00
596,1688061600,20444020.70937918633047607655821788,2023-06-29 21:00:00
597,1688058000,20421311.06581052363654520947312791,2023-06-29 20:00:00
598,1688054400,20444740.29151446720029763060321501,2023-06-29 19:00:00
599,1688050800,20401712.71229301194859465475721769,2023-06-29 18:00:00
600,1688047200,20405470.09226372381916860596336928,2023-06-29 17:00:00
601,1688043600,20377614.59296133893914166516566192,2023-06-29 16:00:00
602,1688040000,20324618.68926175269430912776100825,2023-06-29 15:00:00
603,1688036400,20260469.88203260677718522758922427,2023-06-29 14:00:00
604,1688032800,20383508.48384374599446312665610338,2023-06-29 13:00:00
605,1688029200,20340005.23181409508000796469578989,2023-06-29 12:00:00
606,1688025600,20327528.28149347073149944583187083,2023-06-29 11:00:00
607,1688022000,20319589.37415822756838201782986273,2023-06-29 10:00:00
608,1688018400,20280135.272812485324671045076315,2023-06-29 09:00:00
609,1688014800,20265682.83753003498643576586618865,2023-06-29 08:00:00
610,1688011200,20284834.23247333223589603404023827,2023-06-29 07:00:00
611,1688007600,20311956.71100908111057357578297155,2023-06-29 06:00:00
612,1688004000,20290178.93434531350113574497893763,2023-06-29 05:00:00
613,1688000400,20304229.94821762063849929808637353,2023-06-29 04:00:00
614,1687996800,20296083.36769235764183539707362922,2023-06-29 03:00:00
615,1687993200,20283372.92369862326751444661154296,2023-06-29 02:00:00
616,1687989600,20281654.62959470746784871661445094,2023-06-29 01:00:00
617,1687986000,20287688.27307761796644195394024127,2023-06-29 00:00:00
618,1687982400,20310954.74574894731394817582888061,2023-06-28 23:00:00
619,1687978800,20320401.09790209637679226335748112,2023-06-28 22:00:00
620,1687975200,20513187.93048093800827075178230579,2023-06-28 21:00:00
621,1687971600,20516658.7790715604135808060969392,2023-06-28 20:00:00
622,1687968000,20510707.63364075360863512601702698,2023-06-28 19:00:00
623,1687964400,20475857.25759955793393277937217087,2023-06-28 18:00:00
624,1687960800,20467463.75802173110794775125186418,2023-06-28 17:00:00
625,1687957200,20615062.59520196283473881669324666,2023-06-28 16:00:00
626,1687953600,20607154.43413024333586980801057706,2023-06-28 15:00:00
627,1687950000,20645325.96258361683979365675347413,2023-06-28 14:00:00
628,1687946400,20661312.35628914081098487085640345,2023-06-28 13:00:00
629,1687942800,20650680.28848723734002767727037906,2023-06-28 12:00:00
630,1687939200,20665970.78689335782805400432494481,2023-06-28 11:00:00
631,1687935600,20660909.42375397805966109519126081,2023-06-28 10:00:00
632,1687932000,20704097.848481609781261366775931,2023-06-28 09:00:00
633,1687928400,20744045.79169974132392394881594936,2023-06-28 08:00:00
634,1687924800,20739601.891263764690151912614242,2023-06-28 07:00:00
635,1687921200,20700925.27782718891908586679908383,2023-06-28 06:00:00
636,1687917600,20689220.74336864396288046662251602,2023-06-28 05:00:00
637,1687914000,20702807.95968150611121535425080851,2023-06-28 04:00:00
638,1687910400,20683339.01176110758495124247440708,2023-06-28 03:00:00
639,1687906800,20473937.60670426962164086773634193,2023-06-28 02:00:00
640,1687903200,20378519.93552890833410856927514276,2023-06-28 01:00:00
641,1687899600,20370776.69808974844865829278046996,2023-06-28 00:00:00
642,1687896000,20398856.98579401934096704473494492,2023-06-27 23:00:00
643,1687892400,20443912.74701093498640848029684239,2023-06-27 22:00:00
644,1687888800,20434797.43803990097885480177129628,2023-06-27 21:00:00
645,1687885200,20456021.15211138896739366200338537,2023-06-27 20:00:00
646,1687881600,20495928.37110422559485655853701172,2023-06-27 19:00:00
647,1687878000,20325728.8177021946922954030310357,2023-06-27 18:00:00
648,1687874400,20271046.79771732946464125520721509,2023-06-27 17:00:00
649,1687870800,20274047.51478592038911396167862625,2023-06-27 16:00:00
650,1687867200,20256191.66702963595260762852908868,2023-06-27 15:00:00
651,1687863600,20271560.71992284911911397323020615,2023-06-27 14:00:00
652,1687860000,20287502.28616323571058341560465346,2023-06-27 13:00:00
653,1687856400,20338121.45434288704322889090980186,2023-06-27 12:00:00
654,1687852800,20346272.71934293305388753349002348,2023-06-27 11:00:00
655,1687849200,20339656.98604919080813544117124357,2023-06-27 10:00:00
656,1687845600,20491641.08816195521134534915505141,2023-06-27 09:00:00
657,1687842000,20467805.77424270927657473988350791,2023-06-27 08:00:00
658,1687838400,20463900.7689304985388967143979647,2023-06-27 07:00:00
659,1687834800,20475418.70727587555016140898461447,2023-06-27 06:00:00
660,1687831200,20478478.33672676437352925437989852,2023-06-27 05:00:00
661,1687827600,20483511.78790083878213312654307639,2023-06-27 04:00:00
662,1687824000,20571810.49829883017570244535188367,2023-06-27 03:00:00
663,1687820400,20563223.12659234975761127816493407,2023-06-27 02:00:00
664,1687816800,20561691.06764927360033113075829022,2023-06-27 01:00:00
665,1687813200,20533692.85127723747589107455063555,2023-06-27 00:00:00
666,1687809600,20495490.16310176588757369721362851,2023-06-26 23:00:00
667,1687806000,20490955.61616232246762487564948498,2023-06-26 22:00:00
668,1687802400,20493045.02731838106581609632928083,2023-06-26 21:00:00
669,1687798800,20486735.04823808967446572995732232,2023-06-26 20:00:00
670,1687795200,20501965.68141973038697562836935661,2023-06-26 19:00:00
671,1687791600,20477132.23273040862089504183613872,2023-06-26 18:00:00
672,1687788000,20430228.09215355826079770510536988,2023-06-26 17:00:00
673,1687784400,20419720.29343674419040130844452875,2023-06-26 16:00:00
674,1687780800,20417326.31419621851308934158427827,2023-06-26 15:00:00
675,1687777200,20416835.65740578260410429263466586,2023-06-26 14:00:00
676,1687773600,20420503.30306676694321766615232149,2023-06-26 13:00:00
677,1687770000,20435978.65867448580176089028382446,2023-06-26 12:00:00
678,1687766400,20442165.86842368371980408907090871,2023-06-26 11:00:00
679,1687762800,20454381.34937347576215689258390274,2023-06-26 10:00:00
680,1687759200,20459610.73730688812722098314121861,2023-06-26 09:00:00
681,1687755600,20504058.0100161979037861620727641,2023-06-26 08:00:00
682,1687752000,20508366.76325354958469343542279474,2023-06-26 07:00:00
683,1687748400,20533149.15284196260233694351633983,2023-06-26 06:00:00
684,1687744800,20541695.57236008478155102459135421,2023-06-26 05:00:00
685,1687741200,20540742.85750947572584225620103092,2023-06-26 04:00:00
686,1687737600,20550439.34067528210381130171814643,2023-06-26 03:00:00
687,1687734000,20446580.09029988167090943158991891,2023-06-26 02:00:00
688,1687730400,20429599.10224920871923312238267404,2023-06-26 01:00:00
689,1687726800,20435109.46454615514111796147625299,2023-06-26 00:00:00
690,1687723200,20482806.94610289509431145420984109,2023-06-25 23:00:00
691,1687719600,20469306.425568961424221663546092,2023-06-25 22:00:00
692,1687716000,20449540.17252985001679560214686999,2023-06-25 21:00:00
693,1687712400,20402867.61128606098488463342659332,2023-06-25 20:00:00
694,1687708800,20349632.11482692251147521151625341,2023-06-25 19:00:00
695,1687705200,20420851.68112569244358487916776891,2023-06-25 18:00:00
696,1687701600,20502894.21077363279464195516961522,2023-06-25 17:00:00
697,1687698000,20572211.31647563116292721196742811,2023-06-25 16:00:00
698,1687694400,20583366.03433749635688349050226744,2023-06-25 15:00:00
699,1687690800,20580669.0493465867386341695986259,2023-06-25 14:00:00
700,1687687200,20588812.37131315656970659810861936,2023-06-25 13:00:00
701,1687683600,20524645.50133071848067120901906178,2023-06-25 12:00:00
702,1687680000,20497274.0571928016712570941374616,2023-06-25 11:00:00
703,1687676400,20567213.48937648715310294959724619,2023-06-25 10:00:00
704,1687672800,20605821.6871500806957447486847024,2023-06-25 09:00:00
705,1687669200,20418215.50213853983618360103792735,2023-06-25 08:00:00
706,1687665600,20498673.6496640711525325675633344,2023-06-25 07:00:00
707,1687662000,20390486.36552546666552461844087603,2023-06-25 06:00:00
708,1687658400,20349095.86676918252534098023479311,2023-06-25 05:00:00
709,1687654800,20324527.93599351322066882393039412,2023-06-25 04:00:00
710,1687651200,20372535.47698467035403849020922517,2023-06-25 03:00:00
711,1687647600,20349592.0433529267373378946255738,2023-06-25 02:00:00
712,1687644000,20420978.66792902468705931077704077,2023-06-25 01:00:00
713,1687640400,20398746.60133442064909455703000557,2023-06-25 00:00:00
714,1687636800,20314345.19655760318829849165061995,2023-06-24 23:00:00
715,1687633200,20290451.38059632950638066322946552,2023-06-24 22:00:00
716,1687629600,20217376.32328553357938847493949248,2023-06-24 21:00:00
717,1687626000,20203340.88877689670073839472840396,2023-06-24 20:00:00
718,1687622400,20217695.7417063045849113708368822,2023-06-24 19:00:00
719,1687618800,20218551.45625598137609024401908403,2023-06-24 18:00:00
720,1687615200,20088843.15282953288219930080556213,2023-06-24 17:00:00
721,1687611600,20076354.81768397171474869123936643,2023-06-24 16:00:00
722,1687608000,20017266.43861454105756963008337407,2023-06-24 15:00:00
723,1687604400,20001571.42609885204041267682436342,2023-06-24 14:00:00
724,1687600800,20002498.73808280681209156723517571,2023-06-24 13:00:00
725,1687597200,20005013.44023398268736523792581902,2023-06-24 12:00:00
726,1687593600,20023911.96228409025279668069885023,2023-06-24 11:00:00
727,1687590000,20015401.42232593623206874511354356,2023-06-24 10:00:00
728,1687586400,20000807.36109565476048768691586862,2023-06-24 09:00:00
729,1687582800,19987919.91416517742451869086268877,2023-06-24 08:00:00
730,1687579200,19941585.35075088499336120617665999,2023-06-24 07:00:00
731,1687575600,19926146.34062555421023993106989203,2023-06-24 06:00:00
732,1687572000,20005023.24751884828988761389788711,2023-06-24 05:00:00
733,1687568400,20035416.33821538621420893098180569,2023-06-24 04:00:00
734,1687564800,20039104.49836099943488972904460206,2023-06-24 03:00:00
735,1687561200,20071580.75761367332608084421711347,2023-06-24 02:00:00
736,1687557600,20097668.38730912974920170981143349,2023-06-24 01:00:00
737,1687554000,20051236.7227516114716903117991945,2023-06-24 00:00:00
738,1687550400,20056629.02716728719116423466460285,2023-06-23 23:00:00
739,1687546800,20061190.4963492942582565591856251,2023-06-23 22:00:00
740,1687543200,20080136.43911909643617483786540399,2023-06-23 21:00:00
741,1687539600,20173167.50117894601875456247979027,2023-06-23 20:00:00
742,1687536000,20091416.81443993123572453955761953,2023-06-23 19:00:00
743,1687532400,20094313.39204527717609444275552518,2023-06-23 18:00:00
744,1687528800,19962519.23454974742914902702176866,2023-06-23 17:00:00
745,1687525200,19583392.63725577021747923161629522,2023-06-23 16:00:00
746,1687521600,19543979.05101077672611950097278107,2023-06-23 15:00:00
747,1687518000,19574799.72468089770759756397813809,2023-06-23 14:00:00
748,1687514400,19557378.1332365513580046203569314,2023-06-23 13:00:00
749,1687510800,19586105.03662469119747755021400543,2023-06-23 12:00:00
750,1687507200,19581549.72698516001384363119851083,2023-06-23 11:00:00
751,1687503600,19557005.05829866237048309223773707,2023-06-23 10:00:00
752,1687500000,19550212.092062916341452873660226,2023-06-23 09:00:00
753,1687496400,19523624.58963289671618311574751132,2023-06-23 08:00:00
754,1687492800,19492424.45889274409933952627402087,2023-06-23 07:00:00
755,1687489200,19477461.6169622852772399695368432,2023-06-23 06:00:00
756,1687485600,19467618.04558438250007644139488981,2023-06-23 05:00:00
757,1687482000,19522180.73892179516590811514534532,2023-06-23 04:00:00
758,1687478400,19560660.03394339025891982212475127,2023-06-23 03:00:00
759,1687474800,19547873.19227381264200919950826259,2023-06-23 02:00:00
760,1687471200,19520563.55078281952294757457971551,2023-06-23 01:00:00
761,1687467600,19576164.11387200821999468795930381,2023-06-23 00:00:00
762,1687464000,19580351.31468135879674158255509997,2023-06-22 23:00:00
763,1687460400,19575334.71137830423002002000671445,2023-06-22 22:00:00
764,1687456800,19546187.6356357244346661591415274,2023-06-22 21:00:00
765,1687453200,19574750.8783277759867378742151014,2023-06-22 20:00:00
766,1687449600,19480808.57169718383472832100352327,2023-06-22 19:00:00
767,1687446000,19509792.08924265895272928684936706,2023-06-22 18:00:00
768,1687442400,19481339.65152150819953707341119497,2023-06-22 17:00:00
769,1687438800,19617553.45854845340089265102973936,2023-06-22 16:00:00
770,1687435200,19612048.67044584547651067277730457,2023-06-22 15:00:00
771,1687431600,19597497.62567410024748994691667932,2023-06-22 14:00:00
772,1687428000,19637764.86569314560535633303649472,2023-06-22 13:00:00
773,1687424400,19592780.41168986321450185016630813,2023-06-22 12:00:00
774,1687420800,19528765.65595430177295976212103648,2023-06-22 11:00:00
775,1687417200,19494753.00302775996480163632527822,2023-06-22 10:00:00
776,1687413600,19553278.98341396581346585463783606,2023-06-22 09:00:00
777,1687410000,19550840.00532782635173641005267707,2023-06-22 08:00:00
778,1687406400,19499124.68255319862268660870785333,2023-06-22 07:00:00
779,1687402800,19498016.64255090303678393431395365,2023-06-22 06:00:00
780,1687399200,19584662.83520147630574621160942283,2023-06-22 05:00:00
781,1687395600,19453494.58847765569934195169838153,2023-06-22 04:00:00
782,1687392000,19491272.7602146823893620756463366,2023-06-22 03:00:00
783,1687388400,19329922.93831327176443633976330578,2023-06-22 02:00:00
784,1687384800,19362372.96271957386719358957178478,2023-06-22 01:00:00
785,1687381200,19297639.97417899742207503473113335,2023-06-22 00:00:00
786,1687377600,19347468.03946997345172896880477194,2023-06-21 23:00:00
787,1687374000,19344636.13618710074962118300455532,2023-06-21 22:00:00
788,1687370400,19349689.64497617557904449236154454,2023-06-21 21:00:00
789,1687366800,19240563.77175084127329844313673303,2023-06-21 20:00:00
790,1687363200,19196354.54908184794776596691847918,2023-06-21 19:00:00
791,1687359600,19015928.03796224947513831622814518,2023-06-21 18:00:00
792,1687356000,19117866.00809106480694194534233584,2023-06-21 17:00:00
793,1687352400,19064928.26614289707607810579883642,2023-06-21 16:00:00
794,1687348800,19038411.3608390632591877861158744,2023-06-21 15:00:00
795,1687345200,19058587.30035349963432518414233251,2023-06-21 14:00:00
796,1687341600,18983273.48699072715254998420325703,2023-06-21 13:00:00
797,1687338000,18938583.14614691314369259362903759,2023-06-21 12:00:00
798,1687334400,18887843.7866469934184656899146304,2023-06-21 11:00:00
799,1687330800,18905620.99754036620246665480061075,2023-06-21 10:00:00
800,1687327200,18866157.92198990209901894154258416,2023-06-21 09:00:00
801,1687323600,18915481.76641496275072320204596493,2023-06-21 08:00:00
802,1687320000,18859302.25573347277285565142529819,2023-06-21 07:00:00
803,1687316400,18828706.2293268111872649686549646,2023-06-21 06:00:00
804,1687312800,18829837.80744752216083870529841929,2023-06-21 05:00:00
805,1687309200,18797559.58347462523842377105898391,2023-06-21 04:00:00
806,1687305600,18782338.25082996181559410843139944,2023-06-21 03:00:00
807,1687302000,18800095.45177546223666350806580466,2023-06-21 02:00:00
808,1687298400,18785141.87987133750493783688691657,2023-06-21 01:00:00
809,1687294800,18695020.91358691107961245936121293,2023-06-21 00:00:00
810,1687291200,18709051.79742624484443509148233602,2023-06-20 23:00:00
811,1687287600,18689634.09705571101320728865779046,2023-06-20 22:00:00
812,1687284000,18813395.32312986456409749472214564,2023-06-20 21:00:00
813,1687280400,18790976.10517017365958204633631794,2023-06-20 20:00:00
814,1687276800,18769011.81602236942154731445329124,2023-06-20 19:00:00
815,1687273200,18711651.1969078986326984496169605,2023-06-20 18:00:00
816,1687269600,18665032.86009358632646360991614426,2023-06-20 17:00:00
817,1687266000,18651112.63003258182420655179881664,2023-06-20 16:00:00
818,1687262400,18658933.61580104557140449123205869,2023-06-20 15:00:00
819,1687258800,18654121.07321365272812048783615515,2023-06-20 14:00:00
820,1687255200,18617719.7596050382823137639862587,2023-06-20 13:00:00
821,1687251600,18641316.75940520625630572736417269,2023-06-20 12:00:00
822,1687248000,18605889.60308719909907318748827847,2023-06-20 11:00:00
823,1687244400,18611703.76578313049540822958863345,2023-06-20 10:00:00
824,1687240800,18611696.69792087799298115778631064,2023-06-20 09:00:00
825,1687237200,18610145.8306763188939359975863159,2023-06-20 08:00:00
826,1687233600,18615577.63120933368013302372817469,2023-06-20 07:00:00
827,1687230000,18572929.71240637835305872349309316,2023-06-20 06:00:00
828,1687226400,18572994.92329078711274602114472429,2023-06-20 05:00:00
829,1687222800,18558222.39993835108501818167586707,2023-06-20 04:00:00
830,1687219200,18590396.5048372316016893405047869,2023-06-20 03:00:00
831,1687215600,18571693.51709275465885276579562339,2023-06-20 02:00:00
832,1687212000,18555861.60420120485856843167634241,2023-06-20 01:00:00
833,1687208400,18551562.67617293837474494677179888,2023-06-20 00:00:00
834,1687204800,18527114.57349644312318237702386305,2023-06-19 23:00:00
835,1687201200,18521612.4121208958935071697845226,2023-06-19 22:00:00
836,1687197600,18458337.07062988528785745049520188,2023-06-19 21:00:00
837,1687194000,18440572.05083415588772611809134555,2023-06-19 20:00:00
838,1687190400,18521614.41255474271365121310775976,2023-06-19 19:00:00
839,1687186800,18561404.00698774724188685874504576,2023-06-19 18:00:00
840,1687183200,18580426.59536056382464364885445248,2023-06-19 17:00:00
841,1687179600,18626414.8587877694570642180003236,2023-06-19 16:00:00
842,1687176000,18611504.88461033351919224489810291,2023-06-19 15:00:00
843,1687172400,18623520.36718835974437535228056286,2023-06-19 14:00:00
844,1687168800,18594205.36096636922878260435466957,2023-06-19 13:00:00
845,1687165200,18613340.97240368336471398182322182,2023-06-19 12:00:00
846,1687161600,18583489.21853628297776056866449479,2023-06-19 11:00:00
847,1687158000,18573208.68847061362821723857908782,2023-06-19 10:00:00
848,1687154400,18589926.62448206466608796064599576,2023-06-19 09:00:00
849,1687150800,18622771.01469374982851735950846452,2023-06-19 08:00:00
850,1687147200,18618774.52857980746586199951240181,2023-06-19 07:00:00
851,1687143600,18633798.60251963761488476679879021,2023-06-19 06:00:00
852,1687140000,18648174.97625691088285535726622305,2023-06-19 05:00:00
853,1687136400,18670721.29681587825716840093645186,2023-06-19 04:00:00
854,1687132800,18664421.523186038192628811388759,2023-06-19 03:00:00
855,1687129200,18667218.27867192628175527964088082,2023-06-19 02:00:00
856,1687125600,18678335.21070755160350529138316199,2023-06-19 01:00:00
857,1687122000,18675015.6183744373074449145684283,2023-06-19 00:00:00
858,1687118400,18711513.91033782418638985822304505,2023-06-18 23:00:00
859,1687114800,18669966.72016509930254914300927957,2023-06-18 22:00:00
860,1687111200,18648843.70641981002103179740815978,2023-06-18 21:00:00
861,1687107600,18648633.54281076423315136102364712,2023-06-18 20:00:00
862,1687104000,18639021.70019395644539764200892309,2023-06-18 19:00:00
863,1687100400,18587491.07942079853704159000214604,2023-06-18 18:00:00
864,1687096800,18675649.53245460389743822493210533,2023-06-18 17:00:00
865,1687093200,18659447.64465082292835561097334704,2023-06-18 16:00:00
866,1687089600,18672265.20380059645591639051745904,2023-06-18 15:00:00
867,1687086000,18659213.29976303692653434032525872,2023-06-18 14:00:00
868,1687082400,18644899.2889484350911388190625551,2023-06-18 13:00:00
869,1687078800,18641429.2277933232682550950551164,2023-06-18 12:00:00
870,1687075200,18631218.84020185877279719069224311,2023-06-18 11:00:00
871,1687071600,18613537.82326798431537103101046029,2023-06-18 10:00:00
872,1687068000,18649559.77115272063110518257685424,2023-06-18 09:00:00
873,1687064400,18648360.02519668895700611098698119,2023-06-18 08:00:00
874,1687060800,18651013.74008295740757726760250656,2023-06-18 07:00:00
875,1687057200,18655967.01985629867243988932649941,2023-06-18 06:00:00
876,1687053600,18651629.31563732678643940525425392,2023-06-18 05:00:00
877,1687050000,18679162.81900388320331909993933692,2023-06-18 04:00:00
878,1687046400,18637994.38157533963138089346004478,2023-06-18 03:00:00
879,1687042800,18616659.06015175689647269521494587,2023-06-18 02:00:00
880,1687039200,18585993.47380244626630326619138546,2023-06-18 01:00:00
881,1687035600,18583725.15321440085554117737847192,2023-06-18 00:00:00
882,1687032000,18568541.67967522951035709210494026,2023-06-17 23:00:00
883,1687028400,18556758.81593643713593736248593463,2023-06-17 22:00:00
884,1687024800,18553454.25517624964457083718707242,2023-06-17 21:00:00
885,1687021200,18516981.69152189604080830311654518,2023-06-17 20:00:00
886,1687017600,18526222.95807377488709154081279739,2023-06-17 19:00:00
887,1687014000,18512277.69792297841322504845042953,2023-06-17 18:00:00
888,1687010400,18512076.86151037861273873525112022,2023-06-17 17:00:00
889,1687006800,18465618.4543663390787592770835392,2023-06-17 16:00:00
890,1687003200,18468945.25377916526525433729473033,2023-06-17 15:00:00
891,1686999600,18456904.8464375571854116726739088,2023-06-17 14:00:00
892,1686996000,18438447.73471012995098206622542387,2023-06-17 13:00:00
893,1686992400,18439165.09742841638287293544723926,2023-06-17 12:00:00
894,1686988800,18440822.51255629003548217398144752,2023-06-17 11:00:00
895,1686985200,18459925.50554650712157228927591623,2023-06-17 10:00:00
896,1686981600,18443091.7116487650423871398966199,2023-06-17 09:00:00
897,1686978000,18429082.06621831446598598780097824,2023-06-17 08:00:00
898,1686974400,18384249.45264264311966396562280169,2023-06-17 07:00:00
899,1686970800,18333883.39418185591256588242375465,2023-06-17 06:00:00
900,1686967200,18336398.19684386070725613715811041,2023-06-17 05:00:00
901,1686963600,18363617.33566912459216169843832491,2023-06-17 04:00:00
902,1686960000,18383291.31654991694729037431717009,2023-06-17 03:00:00
903,1686956400,18391894.28416884330973435228232466,2023-06-17 02:00:00
904,1686952800,18386808.13133780528054913347883756,2023-06-17 01:00:00
905,1686949200,18351523.41405254136768326443049354,2023-06-17 00:00:00
906,1686945600,18414136.78273131457097945977839678,2023-06-16 23:00:00
907,1686942000,18362276.85578045587251908593150081,2023-06-16 22:00:00
908,1686938400,18340575.88583551524454046310011231,2023-06-16 21:00:00
909,1686934800,18193191.57301011029036518765884358,2023-06-16 20:00:00
910,1686931200,18137395.99015059410683688190248129,2023-06-16 19:00:00
911,1686927600,18148928.78399399323058889003640788,2023-06-16 18:00:00
912,1686924000,18083701.32681432150610253926369724,2023-06-16 17:00:00
913,1686920400,18068221.66915586523249446704984138,2023-06-16 16:00:00
914,1686916800,18101982.23024871920960090366506381,2023-06-16 15:00:00
915,1686913200,18035692.26273610381844030075686348,2023-06-16 14:00:00
916,1686909600,18231805.49587156589560600555559926,2023-06-16 13:00:00
917,1686906000,18290956.60763206326401534575494564,2023-06-16 12:00:00
918,1686902400,18308022.60682058974021941652957283,2023-06-16 11:00:00
919,1686898800,18291268.75947289255962713650218793,2023-06-16 10:00:00
920,1686895200,18209875.94926262838703532924661909,2023-06-16 09:00:00
921,1686891600,18240309.29660035682308752886087102,2023-06-16 08:00:00
922,1686888000,18184724.9724929856008746597938147,2023-06-16 07:00:00
923,1686884400,18193396.25929833534752595622611747,2023-06-16 06:00:00
924,1686880800,18127965.41849802258275213096363413,2023-06-16 05:00:00
925,1686877200,18190711.74441973482532026000311892,2023-06-16 04:00:00
926,1686873600,18161021.47979945215613818718975432,2023-06-16 03:00:00
927,1686870000,18202714.4626262326346130566192662,2023-06-16 02:00:00
928,1686866400,18199986.8787097047338054541351232,2023-06-16 01:00:00
929,1686862800,18168665.19780052409677505992351574,2023-06-16 00:00:00
930,1686859200,18215071.20793022668849475070837658,2023-06-15 23:00:00
931,1686855600,18194822.99535532027101061684537697,2023-06-15 22:00:00
932,1686852000,18153401.090544341129177175900988,2023-06-15 21:00:00
933,1686848400,18091775.24714941919479392273854149,2023-06-15 20:00:00
934,1686844800,18174707.23045145113681690068314548,2023-06-15 19:00:00
935,1686841200,18167354.2185646869115462127599128,2023-06-15 18:00:00
936,1686837600,18271465.06336180272620256557567651,2023-06-15 17:00:00
937,1686834000,18275690.61597857315771594681083242,2023-06-15 16:00:00
938,1686830400,18162906.45866460101363974713404968,2023-06-15 15:00:00
939,1686826800,18157231.52485331759766382123029171,2023-06-15 14:00:00
940,1686823200,18674943.10776660492158088622267509,2023-06-15 13:00:00
941,1686819600,18529437.40721894193250987216896459,2023-06-15 12:00:00
942,1686816000,18547690.52246376762811336411920882,2023-06-15 11:00:00
943,1686812400,18561275.77309262179936466591477056,2023-06-15 10:00:00
944,1686808800,18588636.78686977996679181032464432,2023-06-15 09:00:00
945,1686805200,18587002.57509915898016546115112958,2023-06-15 08:00:00
946,1686801600,18573024.59164363758873634283881985,2023-06-15 07:00:00
947,1686798000,18602126.91356365129024303282496104,2023-06-15 06:00:00
948,1686794400,18558313.07547448690848828831343546,2023-06-15 05:00:00
949,1686790800,18550499.89039625361845663884584467,2023-06-15 04:00:00
950,1686787200,18582262.63231239128980761773576636,2023-06-15 03:00:00
951,1686783600,18578342.49772455032654934981608598,2023-06-15 02:00:00
952,1686780000,18578814.77056184327184767387860368,2023-06-15 01:00:00
953,1686776400,18570224.41000142210855061567151429,2023-06-15 00:00:00
954,1686772800,18477290.78888582603888196815401957,2023-06-14 23:00:00
955,1686769200,19030773.66265184067285652151632734,2023-06-14 22:00:00
956,1686765600,19016074.48652246607300030143511604,2023-06-14 21:00:00
957,1686762000,19038384.40071418853441902561938929,2023-06-14 20:00:00
958,1686758400,19055461.4423444478559446870188415,2023-06-14 19:00:00
959,1686754800,19055731.03825610071242849915158124,2023-06-14 18:00:00
960,1686751200,19084262.05390740898154538526257458,2023-06-14 17:00:00
961,1686747600,19069702.39769245287262597484997421,2023-06-14 16:00:00
962,1686744000,19105280.28371230978963481352149683,2023-06-14 15:00:00
963,1686740400,19224081.05968213469264418282950529,2023-06-14 14:00:00
964,1686736800,19233062.34719533849412501348524544,2023-06-14 13:00:00
965,1686733200,19218757.48629185181545173877560903,2023-06-14 12:00:00
966,1686729600,19229786.4991282424477698809796521,2023-06-14 11:00:00
967,1686726000,19248353.03935189053429227209248634,2023-06-14 10:00:00
968,1686722400,19243764.04578532751594298491071015,2023-06-14 09:00:00
969,1686718800,19221104.46261634677223098028211672,2023-06-14 08:00:00
970,1686715200,19201196.38729059564758549782388379,2023-06-14 07:00:00
971,1686711600,19264597.11241858096436358582051162,2023-06-14 06:00:00
972,1686708000,19252370.67883496516710904416098843,2023-06-14 05:00:00
973,1686704400,19263987.66300903150795903571215677,2023-06-14 04:00:00
974,1686700800,19269717.75806780311329724751563757,2023-06-14 03:00:00
975,1686697200,19258710.62387276775846807672611052,2023-06-14 02:00:00
976,1686693600,19233065.84321917529715016694679711,2023-06-14 01:00:00
977,1686690000,19249568.62941050730867775716323385,2023-06-14 00:00:00
978,1686686400,19216914.90925716693148347144178397,2023-06-13 23:00:00
979,1686682800,19233096.43914982615209247391143637,2023-06-13 22:00:00
980,1686679200,19245339.90399993582940271685369096,2023-06-13 21:00:00
981,1686675600,19288364.78787777396873936329348233,2023-06-13 20:00:00
982,1686672000,19295850.26199366341296116168344695,2023-06-13 19:00:00
983,1686668400,19216125.28493698806680932883590054,2023-06-13 18:00:00
984,1686664800,19266976.72898681455016168593118396,2023-06-13 17:00:00
985,1686661200,19197395.39018728831371974347194401,2023-06-13 16:00:00
986,1686657600,19220882.41249691303157133830674325,2023-06-13 15:00:00
987,1686654000,19178557.22480508248669185699018363,2023-06-13 14:00:00
988,1686650400,19177041.78617987798969440752023096,2023-06-13 13:00:00
989,1686646800,19147387.37065554497266858850612368,2023-06-13 12:00:00
990,1686643200,19171516.71618163290669747486455475,2023-06-13 11:00:00
991,1686639600,19121869.98977857111134725709194665,2023-06-13 10:00:00
992,1686636000,19106374.67561025120966200267404016,2023-06-13 09:00:00
993,1686632400,19122028.53742745232058247758063464,2023-06-13 08:00:00
994,1686628800,19159211.73497847253726551521043266,2023-06-13 07:00:00
995,1686625200,19078893.15489727201090433792007511,2023-06-13 06:00:00
996,1686621600,19082333.55469934672295586732489518,2023-06-13 05:00:00
997,1686618000,19043458.96235969171798960715770819,2023-06-13 04:00:00
998,1686614400,18759485.27905750191258452226960716,2023-06-13 03:00:00
999,1686610800,18800774.75187174225120781965385387,2023-06-13 02:00:00
