['N', 'date', 'time', 'timestamp', '1000', '50 000', '200 000', '300 000', '400 000', '500 000']
[0, '2023-07-19', '17:47:15', '1689788835.807359', 3.332823e-05, 0.2211394212180977, 0.512954745987372, 0.6430992599622414, 0.5862464177697433, 0.9116512330731013]
[1, '2023-07-19', '18:24:39', '1689791079.323281', 3.334847e-05, 0.1605444199799848, 0.2810879168616509, 0.4397716835228209, 0.43913446314901705, 0.741995865711786]
[2, '2023-07-19', '18:50:06', '1689792606.527365', 3.33006e-05, 0.022244499680269314, 0.42422924602666967, 0.5826852303664936, 0.5820489246895164, 0.8844755854083246]
[3, '2023-07-19', '19:27:20', '1689794840.923276', 3.326842e-05, 0.11885789919861622, 0.4223136991286083, 0.5461184204770859, 0.6695187911121678, 0.8036944345415407]
[4, '2023-07-19', '19:53:04', '1689796384.776746', 3.328881e-05, 0.20363503191677523, 0.3612831775807024, 0.4851637780442246, 0.6086397799704031, 0.742897658786049]
[5, '2023-07-19', '20:30:19', '1689798619.607372', 3.336419e-05, -0.022346311101912875, 0.31649079977822225, 0.4325781543383158, 0.5929187168248546, 0.6795875678881629]
[6, '2023-07-19', '20:56:10', '1689800170.344312', 3.3382509999999995e-05, 0.35009115191523676, 0.2617554116705776, 0.37790650883420085, 0.5383351129937068, 0.6250515532042868]
[7, '2023-07-20', '02:48:17', '1689821297.311322', 3.3343299999999996e-05, 0.06973027905125662, 0.3913621121179176, 0.4737093010928106, 0.549963106353232, 0.7401503696834482]
[8, '2023-07-20', '03:15:30', '1689822930.147753', 3.336175e-05, 0.25706436384346887, 0.3362452110003886, 0.41863796552028987, 0.5638393265916619, 0.6852264651605111]
[9, '2023-07-20', '03:51:07', '1689825067.339302', 3.33992e-05, 0.14509862644739258, 0.28352863383993565, 0.40062036750772734, 0.45221795729241876, 0.6321492574570158]
[10, '2023-07-20', '04:18:39', '1689826719.080977', 3.338638e-05, 0.20333824134660006, 0.32180395668940776, 0.43885074568709115, 0.5532128500538533, 0.6702907652332186]
[11, '2023-07-20', '04:54:00', '1689828840.191317', 3.339451e-05, 0.1790365093200137, 0.11647092869213793, 0.35636393183902726, 0.5289963168589082, 0.46917845683697124]
[12, '2023-07-20', '05:21:37', '1689830497.561841', 3.334139e-05, -0.050382599938885164, 0.27535372302773453, 0.5148651330227381, 0.5214826001454611, 0.6275002061416615]
[13, '2023-07-20', '05:57:01', '1689832621.779297', 3.320151e-05, 0.3693673720352848, 0.3878223746749967, 0.5008546193290897, 0.9388333768794723, 0.720498499272594]
[14, '2023-07-20', '06:24:32', '1689834272.003338', 3.3223759999999996e-05, -0.00572815661689674, 0.32106724961703037, 0.4341752428573642, 0.5291000744608283, 0.653966317200414]
[15, '2023-07-20', '07:00:23', '1689836423.475319', 3.3216250000000006e-05, 0.016877443064046815, 0.20925810262178857, 0.3710511539541699, 0.5515847799378548, 0.5526112318934508]
[16, '2023-07-20', '07:27:29', '1689838049.467298', 3.312606e-05, 0.09146774536721125, 0.4802136443137357, 0.6415673891229687, 0.4965740178060969, 0.8226344883717189]
[17, '2023-07-20', '08:03:50', '1689840230.428077', 3.310924e-05, 0.14219703561552421, 0.34447800908364457, 0.4938631084060745, 0.5470976123724398, 0.6893396051047489]
[18, '2023-07-20', '08:30:21', '1689841821.907303', 3.3133110000000004e-05, -0.10920638465773891, 0.2726316812934897, 0.42212447932240593, 0.5092712252867813, 0.617741904172135]
[19, '2023-07-20', '09:07:23', '1689844043.17408', 3.309008e-05, 0.020805532446686925, 0.2018070507699008, 0.29009665946263397, 0.6384799249583608, 0.5408272559963052]
[20, '2023-07-20', '09:33:29', '1689845609.468542', 3.304213e-05, -0.09009163305439927, 0.3464220940673357, 0.43458376451583547, 0.3369421235279617, 0.6849510336685114]
[21, '2023-07-20', '10:10:42', '1689847842.015333', 3.291675e-05, 0.28970518055757566, 0.3801536674357209, 0.4653395371213378, 0.7151185363848924, 0.7136498375611069]
[22, '2023-07-20', '10:37:07', '1689849427.354425', 3.293826e-05, 0.3408975199239421, 0.31505541518987457, 0.40029695100464835, 0.49911430433422765, 0.6487695139570349]
[23, '2023-07-20', '11:14:06', '1689851646.176876', 3.303699e-05, 0.04217672569076569, 0.2396159874185031, 0.3576326714881475, 0.2008677532191001, 0.5385174511806667]
[24, '2023-07-20', '11:40:37', '1689853237.575295', 3.304836e-05, 0.04764803257516803, 0.20528248529791426, 0.323339785952129, 0.4315428225137907, 0.5042868188930498]
[25, '2023-07-20', '12:17:26', '1689855446.970511', 3.303049e-05, 0.10169454289088264, 0.3935265823644585, 0.4294287716849823, 0.4853817521841677, 0.6384513205833002]
[26, '2023-07-20', '12:44:18', '1689857058.471394', 3.308714e-05, 0.12135474221088316, 0.22269330925500697, 0.2586570737754528, 0.42596100652201585, 0.46803811349225555]
[27, '2023-07-20', '13:20:36', '1689859236.865557', 3.313684e-05, -0.028672388248622838, 0.04143879582284171, 0.15952437993740887, 0.2763914233553919, 0.384389029204911]
[28, '2023-07-20', '13:48:00', '1689860880.167319', 3.307078e-05, 0.16989071876518835, 0.2407113442356632, 0.35856151864651054, 0.44829503216853084, 0.5829778886353978]
[29, '2023-07-20', '14:23:38', '1689863018.627811', 3.3204240000000006e-05, -0.23298234273119078, 1.7559909727651615, 1.0802025963939315, 0.04654549541713493, 1.5912025603628592]
[30, '2023-07-20', '14:51:52', '1689864712.641309', 3.36442e-05, -0.0744450215820649, 0.45424655061842145, -0.23049609948617444, 0.5826337489205713, 0.28727467279362884]
[31, '2023-07-20', '15:26:24', '1689866784.511339', 3.351894e-05, 0.29814000000868646, 0.4956397083958848, 0.6082204238739308, 0.9527724146225438, 0.8650623778586777]
[32, '2023-07-20', '15:55:39', '1689868539.483326', 3.358418e-05, -0.06909808083730695, 0.30196817625838435, 0.41476801459288026, 0.5454059049711617, 0.6721098760650932]
[33, '2023-07-20', '16:59:37', '1689872377.997273', 3.367257e-05, 0.029560134007297734, 0.1936010402595798, 0.290378431455693, 0.2836519609398067, 0.5591353654270819]
[34, '2023-07-20', '17:31:36', '1689874296.460649', 3.367083e-05, 0.03472601725786717, 0.19875844684274568, 0.1499670787699614, 0.44472458397456194, 0.4225715244745345]
[35, '2023-07-20', '18:03:35', '1689876215.435969', 3.363144e-05, 0.16530113409618252, 0.2879223805873323, 0.2667771721584131, 0.5355028843846128, 0.5390627100987189]
[36, '2023-07-20', '18:34:12', '1689878052.864706', 3.368547e-05, 0.004913449842234741, 0.12773169134605666, 0.3904993775037582, 0.3757099412588758, 0.713455285793259]
[37, '2023-07-20', '19:07:12', '1689880032.070737', 3.368802e-05, 0.09880213113967784, 0.31416141455304114, 0.38295890896976914, 0.5670928673086166, 0.7059392651166547]
[38, '2023-07-20', '19:36:46', '1689881806.342437', 3.364628e-05, 0.22258132620801518, 0.4376737759965579, 0.4343178158322445, 0.6902918426036422, 0.698911581001397]
[39, '2023-07-20', '20:10:28', '1689883828.583441', 3.363695e-05, 0.26971128191192406, 0.40337728483626734, 0.46192704379976135, 0.6593117083633615, 0.7264474380099415]
[40, '2023-07-20', '20:39:26', '1689885566.111306', 3.370461e-05, 0.06910595548767162, 0.20304082469618834, 0.27668940518914553, 0.4594900548004688, 0.49371853521387266]
[41, '2023-07-20', '21:13:06', '1689887586.58425', 3.361332e-05, -0.06764511983557497, 0.2578024763321878, 0.546793139491399, 0.5236516613083495, 0.7632344392673787]
[42, '2023-07-21', '02:55:34', '1689908134.912095', 3.347538e-05, 0.08043500834251915, 0.25504978442641857, 0.3237968400009663, 0.4852294790169367, 0.5930570198136564]
[43, '2023-07-21', '03:29:24', '1689910164.662616', 3.345909e-05, 0.15529884033402652, 0.3573253416345068, 0.3723019010182469, 0.5781699343351363, 0.6414310517483983]
[44, '2023-07-21', '03:58:17', '1689911897.855338', 3.346837e-05, 0.12760655023404865, 0.32968908431760724, 0.5613074071085578, 0.5505949290672305, 0.7903397974103399]
[45, '2023-07-21', '04:32:11', '1689913931.025209', 3.351739e-05, 0.03245142045858529, 0.2288081601949017, 0.4156628862996996, 0.45135896989701507, 0.6450307326685731]
[46, '2023-07-21', '05:01:00', '1689915660.838522', 3.3490850000000005e-05, 0.11160850098606545, 0.30780976000407634, 0.5071404679403599, 0.5301843477960233, 0.7804652270797874]
[47, '2023-07-21', '05:34:52', '1689917692.782721', 3.353996e-05, 0.17483888872425268, 0.3387947194200933, 0.36124705730375695, 0.5576083107349632, 0.6349726118521204]
[48, '2023-07-21', '06:03:38', '1689919418.362598', 3.3559360000000007e-05, 0.11709856567202337, 0.281149230801617, 0.3412294073279867, 0.5000893870757608, 0.5737587179937123]
[49, '2023-07-21', '06:37:28', '1689921448.752501', 3.353506e-05, 0.14031548457201382, 0.30244989650014986, 0.41339133548758866, 0.5210974288510357, 0.6457522739838595]
[50, '2023-07-21', '07:06:13', '1689923173.963559', 3.353909e-05, 0.12831507280601784, 0.2904689688704707, 0.5457855749959037, 0.5091427766941052, 0.7817233768737708]
[51, '2023-07-21', '07:40:03', '1689925203.187424', 3.3602769999999994e-05, 0.07796131216274205, 0.24004674829187422, 0.356953845375827, 0.48235145130476553, 0.5933396176435792]
[52, '2023-07-21', '08:08:45', '1689926925.577214', 3.360958e-05, 0.05771092555876578, 0.21982921022446078, 0.2664723641113511, 0.46218301916010773, 0.5066980405777457]
[53, '2023-07-21', '08:42:40', '1689928960.168841', 3.357292e-05, 0.14320010215975287, 0.2810069682543741, 0.37525774979995674, 0.5065563555091046, 0.6152213976037046]
[54, '2023-07-21', '09:11:31', '1689930691.795297', 3.358588e-05, 0.10465284065625724, 0.24251290370200707, 0.3503058569084061, 0.4681493587500256, 0.5846203472187597]
[55, '2023-07-21', '09:45:21', '1689932721.025629', 3.3570370000000004e-05, 0.1917350046453805, 0.37139070627566184, 0.39632420617181197, 0.6175019199897918, 0.630530489767196]
[56, '2023-07-21', '10:14:48', '1689934488.259313', 3.361247e-05, 0.06656724640190248, 0.2464482510311683, 0.30297373702980224, 0.4928681084122388, 0.5307873096848112]
[57, '2023-07-21', '10:47:57', '1689936477.816722', 3.357949e-05, 0.14166122656463642, 0.30759833314802165, 0.4007948113558797, 0.5317066106344015, 0.6283848570988226]
[58, '2023-07-21', '11:18:21', '1689938301.9483', 3.3586860000000006e-05, 0.11974439707256579, 0.2857179234013216, 0.44453266015437976, 0.5098753879958053, 0.6757639083768936]
[59, '2023-07-21', '12:21:35', '1689942095.56054', 3.356974e-05, 0.12505974543182674, 0.3130217631647838, 0.49527838633594, 0.536226702687074, 0.7263917706387844]
[60, '2023-07-21', '12:53:10', '1689943990.076411', 3.350596e-05, 0.3148146761949562, 0.27763912841416527, 0.3797030594865163, 0.500837277203587, 0.5964977924997186]
[61, '2023-07-21', '13:24:44', '1689945884.511325', 3.349558e-05, 0.12883827642347967, 0.3085326800642889, 0.6112283340692812, 0.5316616830425147, 0.8380308668507581]
[62, '2023-07-21', '13:55:53', '1689947753.828322', 3.35799e-05, -0.12257209940915459, 0.19220621890038103, 0.3610323014324024, 0.41684600386737714, 0.588405774904075]
[63, '2023-07-21', '14:27:53', '1689949673.000121', 3.356829e-05, 0.11939390277251505, 0.22671401927496504, 0.24022082810826362, 0.4512761367115701, 0.4883207105414016]
[64, '2023-07-21', '14:58:32', '1689951512.319326', 3.3524e-05, 0.25117636902403717, 0.2640396794656681, 0.371843875321062, 0.4987201876424763, 0.6196164147828114]
[65, '2023-07-21', '15:30:41', '1689953441.719846', 3.352135e-05, 0.09436648860337016, 0.27192359232959973, 0.386233555092943, 0.5065855495176521, 0.6003024316828061]
[66, '2023-07-21', '16:01:03', '1689955263.42333', 3.3499750000000004e-05, 0.1587422277620334, 0.41460562874344475, 0.4504212251959956, 0.6201293840047413, 0.6643521631964546]
[67, '2023-07-21', '16:33:21', '1689957201.807265', 3.355228e-05, 0.05396361755140333, 0.25844861962183074, 0.3450027490683141, 0.4642946508064938, 0.5658640041247054]
[68, '2023-07-21', '17:03:41', '1689959021.091357', 3.3536360000000004e-05, 0.10138635303191279, 0.09712364248935046, 0.39228739131122836, 0.3165481862622386, 0.6130438513676921]
[69, '2023-07-21', '17:35:57', '1689960957.290172', 3.347569e-05, 0.08884582273819319, 0.2778560627225062, 0.021789175969217922, 0.49688364966792165, 0.2596916537413989]
[70, '2023-07-21', '18:06:33', '1689962793.399333', 3.336774e-05, 0.411032134459802, 0.32572068578352287, 0.3441917271475461, 0.5437204473225137, 0.5813270341018608]
[71, '2023-07-21', '18:38:38', '1689964718.628356', 3.331962e-05, 0.15306182779312394, 0.46946210550807166, 0.7586242823706186, 0.6871474870942933, 1.0443162468246499]
[72, '2023-07-21', '19:09:52', '1689966592.027295', 3.347295e-05, -0.30641313110329804, 0.36682553051684863, 0.30193599664634974, 0.5798507759486711, 0.588942656433332]
[73, '2023-07-21', '19:41:23', '1689968483.199283', 3.34982e-05, 0.1228447684817695, 0.29166819734621185, 0.4804954888632551, 0.5048541363364762, 0.6477141924914918]
[74, '2023-07-21', '20:13:14', '1689970394.867314', 3.351053e-05, 0.08608203723041186, 0.25796748058454, 0.4438644015026654, 0.468120194359372, 0.6111446549041943]
[75, '2023-07-21', '20:44:07', '1689972247.897552', 3.3501459999999995e-05, 0.10014836777556013, 0.28496377801556605, 0.33819063558595985, 0.495059611606365, 0.5564782001652873]
[76, '2023-07-21', '21:16:47', '1689974207.615352', 3.348385e-05, 0.15266059820500288, 0.2973477284392061, 0.3905777393989496, 0.47792522116351677, 0.6087505613965334]
[77, '2023-07-22', '03:02:00', '1689994920.159291', 3.3424669999999997e-05, 0.12861827952191618, 0.3012115813171192, 0.45364310904858485, 0.4994904195189491, 0.6715629687347473]
[78, '2023-07-22', '03:40:35', '1689997235.79531', 3.3443939999999996e-05, 0.07104040288906788, 0.31181853799671444, 0.3962526158204156, 0.5036337989926096, 0.6142981107244054]
[79, '2023-07-22', '04:45:27', '1690001127.840619', 3.343704e-05, 0.19489686315893096, 0.37183307682171574, 0.42220167639470674, 0.5760927903896231, 0.6209903551064286]
[80, '2023-07-22', '05:08:10', '1690002490.833387', 3.347016e-05, 0.09114318755477768, 0.27314955434199817, 0.41728093774756303, 0.4776115908940426, 0.5225536274702876]
[81, '2023-07-22', '05:50:38', '1690005038.735326', 3.349014e-05, 0.031502631336564946, 0.2826566945611262, 0.35783506934225784, 0.48118527559886104, 0.5693563679454172]
[82, '2023-07-22', '06:11:26', '1690006286.563299', 3.3500889999999996e-05, 0.08648761058238108, 0.2506484246484604, 0.3590249529251679, 0.44924073137519827, 0.5374401257605967]
[83, '2023-07-22', '06:55:27', '1690008927.487357', 3.3505470000000004e-05, 0.07282815596060743, 0.2243714106319601, 0.34540275764268813, 0.44364984044705125, 0.5556682542527653]
[84, '2023-07-22', '07:14:37', '1690010077.406794', 3.349576e-05, 0.08411894060249381, 0.25328672964114674, 0.17071418965738872, 0.47250161181601413, 0.5844875623016179]
[85, '2023-07-22', '07:59:44', '1690012784.160336', 3.340574e-05, 0.35264330347608563, 0.3773335526047106, 0.43900582742429606, 0.6073237761197419, 0.7015020557136893]
[86, '2023-07-22', '08:17:57', '1690013877.523914', 3.341213e-05, 0.06939365818172405, 0.35827728147889104, 0.43710835778412616, 0.5883114985569478, 0.6825077929952528]
[87, '2023-07-22', '09:03:50', '1690016630.75133', 3.341279e-05, 0.06741969841962714, 0.3287548994162961, 0.4351416616027137, 0.5629110417088441, 0.6630811481145003]
[88, '2023-07-22', '09:21:29', '1690017689.995264', 3.341311e-05, 0.11735432371993681, 0.327800330868385, 0.4411020029174324, 0.5619587157143116, 0.6621297814662057]
[89, '2023-07-22', '10:07:30', '1690020450.804922', 3.3465149999999996e-05, -0.038210150254286646, 0.32558658319250355, 0.2860417570508389, 0.5316338902048159, 0.6477038840522624]
[90, '2023-07-22', '10:24:57', '1690021497.44723', 3.348259e-05, 0.08680197782271648, 0.2736423435883353, 0.38361381510674164, 0.4797970299201495, 0.5959275123861403]
[91, '2023-07-22', '11:28:00', '1690025280.319049', 3.3477390000000005e-05, 0.13286824475798653, 0.3144784441883388, 0.39908469738199415, 0.5194979371422903, 0.5907575072060354]
[92, '2023-07-22', '12:13:57', '1690028037.151352', 3.347476e-05, 0.14071385507936895, 0.3223097871243539, 0.4119940471441481, 0.5163773461575261, 0.6230605018810422]
[93, '2023-07-22', '12:30:54', '1690029054.971384', 3.348747e-05, 0.10606500674452946, 0.27964040819516356, 0.44970178786530823, 0.47860450345662287, 0.5853281656067537]
[94, '2023-07-22', '13:16:41', '1690031801.904226', 3.3522209999999996e-05, 0.002434744390711785, 0.1761902134740012, 0.3464280153202566, 0.43532415576591177, 0.5546745579881645]
[95, '2023-07-22', '13:33:38', '1690032818.17533', 3.352104e-05, 0.06365676007838772, 0.2312513971228043, 0.3182552217012784, 0.43879918532802265, 0.5581454219546771]
[96, '2023-07-22', '14:19:18', '1690035558.297906', 3.3488009999999996e-05, 0.16212916478943384, 0.3295586622420785, 0.4164767574897752, 0.525171641759286, 0.578414412022866]
[97, '2023-07-22', '14:36:03', '1690036563.212548', 3.350006e-05, 0.082204460124359, 0.26823168295499045, 0.349729780581427, 0.4893775864625667, 0.5426395150870604]
[98, '2023-07-22', '15:21:34', '1690039294.594544', 3.3495110000000005e-05, 0.09696840645526095, 0.2829681417305494, 0.36445419712234184, 0.4912629502781556, 0.6003055898913914]
[99, '2023-07-22', '15:38:19', '1690040299.54062', 3.350925e-05, 0.023806263794625693, 0.21794662947945653, 0.2789455640021572, 0.4492552201383688, 0.5583438922298996]
[100, '2023-07-22', '16:23:54', '1690043034.687371', 3.3510299999999997e-05, 0.02067354660688636, 0.21481999560853637, 0.2758208415103809, 0.4732868646745345, 0.6076443636749502]
[101, '2023-07-22', '16:40:49', '1690044049.299136', 3.348894e-05, 0.10557525358581188, 0.2762172679803854, 0.3798907580109301, 0.536726779941489, 0.6709986373278838]
[102, '2023-07-22', '17:26:14', '1690046774.848659', 3.34808e-05, 0.12985612414892955, 0.30045666138724414, 0.40410495198749175, 0.5242143906494334, 0.6324438307087377]
[103, '2023-07-22', '17:43:05', '1690047785.727308', 3.350105e-05, 0.2165964705970964, 0.33797427585975015, 0.5462229038624429, 0.4640490224805376, 0.5723439223305462]
[104, '2023-07-22', '18:28:32', '1690050512.191326', 3.3555509999999995e-05, 0.05438650535090517, 0.17596162488503353, 0.3845487861659791, 0.44754549047097214, 0.5737565885500544]
[105, '2023-07-22', '18:45:28', '1690051528.095341', 3.355513e-05, 0.07342512546090063, 0.2383386197592614, 0.2542535138752413, 0.4486728741022574, 0.574882542901392]
[106, '2023-07-22', '19:30:56', '1690054256.671351', 3.3535790000000004e-05, 0.13101929833621284, 0.29583774228071036, 0.311743463609929, 0.4584213589990469, 0.5764874383967395]
[107, '2023-07-22', '19:47:43', '1690055263.711295', 3.353626e-05, 0.06941391207362813, 0.23242116572350824, 0.3509356545035871, 0.4570262959347673, 0.5750940300141423]
[108, '2023-07-22', '20:33:22', '1690058002.851254', 3.352696e-05, 0.09712584091177234, 0.2600878907297499, 0.37856951404583583, 0.49029424269602373, 0.605785911812589]
[109, '2023-07-22', '20:50:10', '1690059010.303328', 3.354301e-05, 0.06601903221738326, 0.22944246983986716, 0.36166539210948656, 0.442657034389498, 0.558203991587348]
[110, '2023-07-22', '21:35:46', '1690061746.323743', 3.354504e-05, 0.05997109610893858, 0.2234044240059916, 0.3556353483163406, 0.4556723335277866, 0.5673810253984897]
[111, '2023-07-23', '03:03:56', '1690081436.287284', 3.349945e-05, 0.14504126173004295, 0.4025585076231124, 0.5592384961491064, 0.6105814001209637, 0.7276779490507437]
[112, '2023-07-23', '03:49:28', '1690084168.895358', 3.351867e-05, 0.08775040152337965, 0.3454153955575947, 0.5021852777797449, 0.6558527679457598, 0.7862358707659638]
[113, '2023-07-23', '04:06:21', '1690085181.353131', 3.352037e-05, 0.13303253448745522, 0.3795319620540738, 0.45861366167204665, 0.6508142312050467, 0.7812039467958272]
[114, '2023-07-23', '04:51:51', '1690087911.205829', 3.347162e-05, 0.27827301554252415, 0.5244139492412643, 0.6033806372153947, 0.5939703180759608, 0.7215617572086472]
[115, '2023-07-23', '05:09:02', '1690088942.945476', 3.346056e-05, -0.07947960307264168, 0.17031283151149523, 0.39477075106486836, 0.6268169710997, 0.7543662502975792]
[116, '2023-07-23', '05:54:11', '1690091651.168732', 3.3423689999999996e-05, 0.03079740403558162, 0.2803145937624123, 0.5045251844159111, 0.6850054839068633, 0.7970107492428156]
[117, '2023-07-23', '06:11:54', '1690092714.675303', 3.344466e-05, 0.19050988768609045, 0.4034927952309886, 0.4850225917164579, 0.6226953250045142, 0.7347708623665028]
[118, '2023-07-23', '06:56:33', '1690095393.816247', 3.344604e-05, 0.1863915292888123, 0.39938322497543766, 0.4809163855590697, 0.6202414468845774, 0.7281750319782816]
[119, '2023-07-23', '07:14:46', '1690096486.703898', 3.34641e-05, 0.11401904090223525, 0.32543867435946083, 0.4345943776139336, 0.5665789373776562, 0.674570803826839]
[120, '2023-07-23', '08:17:41', '1690100261.295082', 3.346487e-05, 0.0853581580169731, 0.2966119536898617, 0.33280187612486145, 0.5247953485528569, 0.64022173295605]
[121, '2023-07-23', '09:01:04', '1690102864.927342', 3.343093e-05, 0.18669137533163394, 0.3977309178541333, 0.4338841365467516, 0.625682889603226, 0.6745646502771621]
[122, '2023-07-23', '09:20:38', '1690104038.034538', 3.3432509999999996e-05, 0.14734075685156256, 0.32751609672124005, 0.49285702775709694, 0.5545238122504514, 0.6698703690276631]
[123, '2023-07-23', '10:03:20', '1690106600.191328', 3.345517e-05, 0.07966228286171884, 0.25995974258424326, 0.4254127389570215, 0.4871213201726903, 0.6683831538098985]
[124, '2023-07-23', '10:23:20', '1690107800.527474', 3.3463930000000005e-05, 0.07564275333602666, 0.29006210193978177, 0.43423338735206585, 0.5202085463346577, 0.6423738714307348]
[125, '2023-07-23', '11:05:49', '1690110349.030843', 3.345639e-05, 0.09815743268300992, 0.31252846891317176, 0.4566672700508292, 0.5426230573487913, 0.6964362450064101]
[126, '2023-07-23', '11:26:11', '1690111571.662858', 3.345968e-05, 0.12094257597776448, 0.32433731170381463, 0.4387769927607508, 0.563984349563512, 0.6866710334951307]
[127, '2023-07-23', '12:08:23', '1690114103.365835', 3.345924e-05, 0.12225600112905965, 0.3256480621826796, 0.44008623833998683, 0.5652919486465322, 0.6821047954448716]
[128, '2023-07-23', '12:28:56', '1690115336.632151', 3.3459e-05, 0.17741444055198485, 0.3625274552471751, 0.47912020770111496, 0.5715359634922379, 0.6828171934207177]
[129, '2023-07-23', '13:11:10', '1690117870.295301', 3.348808e-05, 0.09065629511820816, 0.27593019586699086, 0.39262428181092446, 0.4851203582983601, 0.6188357839827745]
[130, '2023-07-23', '13:31:33', '1690119093.035044', 3.349478e-05, 0.09237139113272974, 0.2957910958808725, 0.3864630122292141, 0.5169016248690497, 0.5989524762431984]
[131, '2023-07-23', '14:14:04', '1690121644.043352', 3.348612e-05, 0.11820228370025632, 0.3215693947414735, 0.4122178680698738, 0.5426227560999166, 0.6436943989325812]
[132, '2023-07-23', '14:34:06', '1690122846.260833', 3.349838e-05, 0.0619234334564851, 0.25970250082737323, 0.36059944074467865, 0.4973989430560124, 0.6073178851212049]
[133, '2023-07-23', '15:17:08', '1690125428.191354', 3.348463e-05, 0.10294477695995852, 0.3006426624296239, 0.401498187421069, 0.5382415379675649, 0.6441742127604613]
[134, '2023-07-23', '15:36:48', '1690126608.024619', 3.34769e-05, 0.09148802302661352, 0.2960782278764924, 0.3061315991066351, 0.5220259492370332, 0.6671107222376662]
[135, '2023-07-23', '16:20:15', '1690129215.36745', 3.3437139999999995e-05, 0.2101478283312872, 0.41449504453694885, 0.424536475532463, 0.6401744112588688, 0.7126883880585524]
[136, '2023-07-23', '16:39:22', '1690130362.181821', 3.342154e-05, 0.03488328695139842, 0.2619943261149871, 0.38568535651367597, 0.5677135258324881, 0.7590105932814168]
[137, '2023-07-23', '17:23:29', '1690133009.823356', 3.338548e-05, 0.14274013940858765, 0.3696061382756568, 0.493163712868423, 0.6749954838230252, 0.7595426924457342]
[138, '2023-07-23', '18:26:56', '1690136816.458762', 3.322333e-05, 0.12938051173372855, 0.3904524757804211, 0.4401048254824218, 1.131522608024497, 1.2415438544005752]
[139, '2023-07-23', '18:44:32', '1690137872.54919', 3.318208e-05, -0.28579054234924683, 0.0242676028087061, 0.5637181320338271, 0.5802014535626654, 0.699411662280923]
[140, '2023-07-23', '19:30:10', '1690140610.518417', 3.315965e-05, -0.21800063038875805, 0.09184792561153188, 0.33089000935042634, 0.6474059832786168, 0.8270086551019489]
[141, '2023-07-23', '19:46:48', '1690141608.745733', 3.326639e-05, -0.043750357987676125, 0.20425548893032897, 0.010057889578277468, 0.629670754540598, 0.5077735275853854]
[142, '2023-07-23', '20:33:29', '1690144409.972151', 3.3223759999999996e-05, 0.08445306528011542, 0.3321410992567735, 0.4565619452552738, 0.7570112064421863, 0.6449375559508042]
[143, '2023-07-23', '20:49:25', '1690145365.772796', 3.321458e-05, 0.2360292511240374, 0.25321648554360365, 0.4840666214671927, 0.5489628188224174, 0.672390182421637]
[144, '2023-07-23', '21:36:37', '1690148197.558609', 3.333698e-05, -0.13161381465197053, -0.1143632430626127, 0.3632798778138664, 0.18247295349893022, 0.8858762487524103]
[145, '2023-07-24', '03:04:56', '1690167896.759292', 3.360285e-05, 0.26931471283511144, 0.42157809403626345, 0.3691967838374097, 0.7138842606347282, 0.6519743067775892]
[146, '2023-07-24', '03:53:33', '1690170813.962475', 3.367669e-05, 0.050163247956248824, 0.2027612176839142, 0.42607027190405233, 0.4957097073990724, 0.7915110344516876]
[147, '2023-07-24', '04:07:46', '1690171666.922602', 3.3719689999999994e-05, -0.22672611477963756, 0.06833527566674036, 0.2989295410808239, 0.40570148870820333, 0.6648369157803415]
[148, '2023-07-24', '04:56:07', '1690174567.307724', 3.3584099999999996e-05, 0.17629484401039974, 0.47016976524751897, 0.456404622841319, 0.8061793974655416, 0.7195508860054503]
[149, '2023-07-24', '05:10:40', '1690175440.127306', 3.358587e-05, 0.059590138942240856, 0.29411538911158175, 0.4511583258192928, 0.617937279191807, 0.714318457715521]
[150, '2023-07-24', '05:58:40', '1690178320.671337', 3.359159e-05, 0.04256931606627745, 0.2771345081644938, 0.5038603627657778, 0.6010115482590379, 0.7681602936261385]
[151, '2023-07-24', '06:13:46', '1690179226.055314', 3.359471e-05, 0.20961004573145203, 0.4156890150556478, 0.49461912245328676, 0.6318112178541924, 0.758943601594467]
[152, '2023-07-24', '07:01:12', '1690182072.207174', 3.3613200000000005e-05, 0.15468698462289865, 0.36087937657055136, 0.4484630903452995, 0.5771205296302924, 0.7527858615531784]
[153, '2023-07-24', '07:16:55', '1690183015.444019', 3.3636609999999996e-05, -0.1925982794386698, 0.11834644793731286, 0.3791301652130983, 0.4941025627950637, 0.6836648828013665]
[154, '2023-07-24', '08:03:42', '1690185822.139698', 3.3553199999999996e-05, 0.05585317338275786, 0.36602683911755207, 0.45007662466970544, 0.7408511770352391, 0.7315135863857876]
[155, '2023-07-24', '08:20:12', '1690186812.559278', 3.356022e-05, 0.22587809332830489, 0.43307117240104276, 0.4292487911964571, 0.5902766126734349, 0.7107446351494389]
[156, '2023-07-24', '09:23:41', '1690190621.00791', 3.361568e-05, 2.0180235387500147, 0.3868500583471075, 0.4554176408979913, 0.5359113002141669, 0.6783558548615218]
[157, '2023-07-24', '10:08:47', '1690193327.223297', 3.414023e-05, 0.4890809217109222, -1.1675459200145752, 0.6220880506761404, -1.0161586780659775, -0.871491372275699]
[158, '2023-07-24', '10:27:05', '1690194425.183332', 3.414907e-05, 0.06922245697865037, 0.3969062419062084, 0.5963559234575229, 0.6689987685463734, 0.8493153182071893]
[159, '2023-07-24', '11:11:20', '1690197080.095331', 3.411711e-05, 0.1627473362879357, 0.4901244430609921, 0.5659598355136524, 0.7619623192186822, 0.9421101112258583]
[160, '2023-07-24', '11:30:19', '1690198219.536592', 3.413799e-05, 0.28260009378661266, 0.4493349969596494, 0.5051052449978215, 0.6828204287285331, 0.8131594553631771]
[161, '2023-07-24', '12:14:00', '1690200840.628046', 3.426136e-05, -0.07776487282183098, 0.08957258735597406, 0.3643347849386487, 0.32390180335814023, 0.4547118573062079]
