,timestamp,tvl usd value,liqw,date
0,1690210800,4147259.186951779612319223960002222,884414180472,2023-07-24 18:00:00
1,1690207200,4154094.161692880242762201915332929,878566887752,2023-07-24 17:00:00
2,1690203600,4152900.513014267395173475777705178,1029303639052,2023-07-24 16:00:00
3,1690200000,4162585.08827713355437682962496835,1028832457918,2023-07-24 15:00:00
4,1690196400,4117121.644018837417886250001767447,967377520469,2023-07-24 14:00:00
5,1690192800,4191024.149165392746135957092452808,973016630970,2023-07-24 13:00:00
6,1690189200,4186346.544112221949391464328499453,973016630970,2023-07-24 12:00:00
7,1690185600,4233290.660970975584705470227771321,1224094706466,2023-07-24 11:00:00
8,1690182000,4233376.505246018100559113445848886,1224094601927,2023-07-24 10:00:00
9,1690178400,4231195.341697062888163073875677724,1224094601927,2023-07-24 09:00:00
10,1690174800,4230969.079570559761468329339601542,1223070851455,2023-07-24 08:00:00
11,1690171200,4232067.782704490826220017912395258,1223070851455,2023-07-24 07:00:00
12,1690167600,4234095.001002233042666427331917181,1224279329646,2023-07-24 06:00:00
13,1690164000,4237436.582829441715131866099997656,1222944318729,2023-07-24 05:00:00
14,1690160400,4245792.068050970269306398088618381,1738897016467,2023-07-24 04:00:00
15,1690156800,4248576.00943329915599850098955514,1738897016467,2023-07-24 03:00:00
16,1690153200,4248738.533655275441606860650789663,1738897016467,2023-07-24 02:00:00
17,1690149600,4249485.527196984118453749442556452,1744198361242,2023-07-24 01:00:00
18,1690146000,4249241.380924405478600400953995269,1724634776024,2023-07-24 00:00:00
19,1690142400,4257026.052532289594738008149243609,1713760545515,2023-07-23 23:00:00
20,1690138800,4254752.930586987053446130685526659,1537163353063,2023-07-23 22:00:00
21,1690135200,4258083.530017253652392929774713013,1537163353063,2023-07-23 21:00:00
22,1690131600,4249252.916007327219487621241867022,1544748718490,2023-07-23 20:00:00
23,1690128000,4238328.577409897416351570352381687,1543221758679,2023-07-23 19:00:00
24,1690120800,4236880.760209621603676688995133488,1544100599583,2023-07-23 17:00:00
25,1690117200,4234803.580174313654296814063177031,1543642155653,2023-07-23 16:00:00
26,1690113600,4234680.699573908732670601652565852,1542109437460,2023-07-23 15:00:00
27,1690110000,4234459.750487325298961658942018136,1543642151825,2023-07-23 14:00:00
28,1690106400,4234653.30854811284564549350222371,1543242024504,2023-07-23 13:00:00
29,1690102800,4233898.352732351187214757058432533,1541709310139,2023-07-23 12:00:00
30,1690099200,4234215.981980897019272330193488514,1543081797578,2023-07-23 11:00:00
31,1690095600,4234518.59594687661720097313007948,1541549083194,2023-07-23 10:00:00
32,1690092000,4234296.421940557546890899066340674,1541481466427,2023-07-23 09:00:00
33,1690088400,4234099.962244934121740260067421177,1541481466427,2023-07-23 08:00:00
34,1690084800,4230189.49246661895533108367018137,1564075080898,2023-07-23 07:00:00
35,1690081200,4228614.090391028006944211595449486,1564061644732,2023-07-23 06:00:00
36,1690077600,4231369.431924716389383184735044516,1564061644745,2023-07-23 05:00:00
37,1690074000,4228750.246377268670596183582825041,1560658258855,2023-07-23 04:00:00
38,1690070400,4227043.535473267083765976374213594,1560658258855,2023-07-23 03:00:00
39,1690066800,4223185.015362558740335527638228102,1203186747674,2023-07-23 02:00:00
40,1690063200,4252705.187007082129919401152918449,1544513174493,2023-07-23 01:00:00
41,1690059600,4252700.704163630313515458917948698,1544441620455,2023-07-23 00:00:00
42,1690056000,4252763.346446135421434876023368791,1541383319452,2023-07-22 23:00:00
43,1690052400,4253638.284385927905615668384892887,1541383319452,2023-07-22 22:00:00
44,1690048800,4255814.425676644499238378650724366,1544441483125,2023-07-22 21:00:00
45,1690045200,4253544.336151648410300960505382078,1541383319452,2023-07-22 20:00:00
46,1690041600,4256989.549214224802431651786461229,1541506871933,2023-07-22 19:00:00
47,1690038000,4258560.482475892927768952278046458,1543548816341,2023-07-22 18:00:00
48,1690034400,4258005.106316511412867529079125084,1541506871933,2023-07-22 17:00:00
49,1690030800,4259202.638677920588018578107152407,1541506871933,2023-07-22 16:00:00
50,1690027200,4259519.607564405630207056358247837,1543548816305,2023-07-22 15:00:00
51,1690023600,4260000.877483504487677448984138883,1551860398331,2023-07-22 14:00:00
52,1690020000,4260991.292120572304787048377069671,1551860398331,2023-07-22 13:00:00
53,1690016400,4260097.18900965557369234659800084,1551858035578,2023-07-22 12:00:00
54,1690012800,4259771.833543292875818908014090013,1549816091203,2023-07-22 11:00:00
55,1690009200,4260120.032720864272679580578210538,1551837066510,2023-07-22 10:00:00
56,1690005600,4254515.569030965943031645260424003,1549795126693,2023-07-22 09:00:00
57,1690002000,4253778.458419521629335032854334909,1549795126693,2023-07-22 08:00:00
58,1689998400,4255012.26655044786738396888680857,1549795126693,2023-07-22 07:00:00
59,1689994800,4255860.789511407531351422418627115,1549795126693,2023-07-22 06:00:00
60,1689991200,4257843.309385811572345231239109649,1548038914577,2023-07-22 05:00:00
61,1689987600,4256974.960090257196280574267219408,1547886040424,2023-07-22 04:00:00
62,1689984000,4279555.522089425935815044436149002,1553554784559,2023-07-22 03:00:00
63,1689980400,4277714.257370372154023054637514068,1553954731654,2023-07-22 02:00:00
64,1689976800,4277346.795987240830933204588117743,1553312147831,2023-07-22 01:00:00
65,1689973200,4276613.120117575806953364507091004,1553312147831,2023-07-22 00:00:00
66,1689969600,4274500.325501130563974690566366081,1553924287235,2023-07-21 23:00:00
67,1689966000,4275598.682681970269966185273911467,1554317824412,2023-07-21 22:00:00
68,1689962400,4283150.096362264596229634478734678,1554533714878,2023-07-21 21:00:00
69,1689958800,4244334.802055570856269869559883433,1550622161250,2023-07-21 20:00:00
70,1689955200,4274673.414540616737882887810852196,1554149707390,2023-07-21 19:00:00
71,1689951600,4273979.544896925654145572995926134,1554820728862,2023-07-21 18:00:00
72,1689948000,4273852.819516098614786131126032706,1386532597738,2023-07-21 17:00:00
73,1689944400,4271679.646969944694911771917645816,1385857511821,2023-07-21 16:00:00
74,1689940800,4272033.833960962693562233806936862,1386541341389,2023-07-21 15:00:00
75,1689937200,4273379.273822425832276234235336736,1386541331528,2023-07-21 14:00:00
76,1689933600,4272984.670613547473618793930784962,1386506966244,2023-07-21 13:00:00
77,1689930000,4273278.916921045806820791164442655,1386471556332,2023-07-21 12:00:00
78,1689926400,4273277.431362372386393666985639101,1385787736621,2023-07-21 11:00:00
79,1689922800,4274292.480454838917663776633002414,1386471556341,2023-07-21 10:00:00
80,1689919200,4276279.250145130393741328204263159,1385787736621,2023-07-21 09:00:00
81,1689915600,4275635.948808088667735098445904725,1385787736621,2023-07-21 08:00:00
82,1689912000,4275595.123703775331338933891925846,1385778825729,2023-07-21 07:00:00
83,1689904800,4274228.288196029961423146988454641,1386462476346,2023-07-21 05:00:00
84,1689901200,4269392.355580049086133980490943211,1386462414061,2023-07-21 04:00:00
85,1689897600,4267951.028527609275221535508406953,1385778825729,2023-07-21 03:00:00
86,1689894000,4269978.17536810811792730374647642,1386462414062,2023-07-21 02:00:00
87,1689890400,4268764.062747122870132170277563925,1386423102139,2023-07-21 01:00:00
88,1689886800,4268415.395592996587585054928613648,1386423025556,2023-07-21 00:00:00
89,1689883200,4255793.815396621358222516530474347,1026522757073,2023-07-20 23:00:00
90,1689879600,4253509.650798340695333449848556126,1024765912903,2023-07-20 22:00:00
91,1689876000,4242365.513846888323705666135760936,997567258099,2023-07-20 21:00:00
92,1689872400,4241152.832273662582889896309592874,1351946718246,2023-07-20 20:00:00
93,1689868800,4244833.69452546518554582445123122,1352715427944,2023-07-20 19:00:00
94,1689865200,4251588.032951377885856794426018075,1352923066677,2023-07-20 18:00:00
95,1689861600,4251077.041366413565764245642182489,1011234973304,2023-07-20 17:00:00
96,1689858000,4287088.23967587317563991795561561,1322272826111,2023-07-20 16:00:00
97,1689854400,4279175.400757113268198826555990722,1319193882191,2023-07-20 15:00:00
98,1689850800,4278623.007993386090994448030906027,1322231054583,2023-07-20 14:00:00
99,1689847200,4280332.293010830810519435230252233,1321257521474,2023-07-20 13:00:00
100,1689843600,4277970.34496342551257678462641048,1321251357996,2023-07-20 12:00:00
101,1689840000,4274967.795503799117575618871603808,1321416531533,2023-07-20 11:00:00
102,1689836400,4269810.017656480735574307901792317,1322643676113,2023-07-20 10:00:00
103,1689832800,4261146.515130523731155050042448681,1320631592085,2023-07-20 09:00:00
104,1689829200,4260587.52199733213949583873706474,1321149646806,2023-07-20 08:00:00
105,1689825600,4247340.90023112908632938778792375,1354141773259,2023-07-20 07:00:00
106,1689822000,4220421.913341884615673958946261434,1326109540002,2023-07-20 06:00:00
107,1689818400,4220116.504959842568747423644682386,1326109540002,2023-07-20 05:00:00
108,1689814800,4220881.671052798372377566940693406,1327361176921,2023-07-20 04:00:00
109,1689811200,4173083.580833160150602921608775472,1331524616317,2023-07-20 03:00:00
110,1689807600,4227574.401678437576866595372193141,1322789910478,2023-07-20 02:00:00
111,1689804000,4227203.921298752860158870357808242,1321562872936,2023-07-20 01:00:00
112,1689800400,4229040.509484713884528473838333564,1321373631662,2023-07-20 00:00:00
113,1689796800,4205521.129281187253769884102841231,1311701683864,2023-07-19 23:00:00
114,1689793200,4205387.073774856212192836659609309,1312780068382,2023-07-19 22:00:00
115,1689789600,4206107.107337592981609112003234252,1312780068857,2023-07-19 21:00:00
116,1689786000,4201001.669924254906858004256440389,1311553456455,2023-07-19 20:00:00
117,1689782400,4193065.000239721095290397594980011,1311496884215,2023-07-19 19:00:00
118,1689778800,4195505.562843792463726814556461109,1312463141323,2023-07-19 18:00:00
119,1689775200,4193196.643098142214479333589035925,1311512948036,2023-07-19 17:00:00
120,1689771600,4207769.148267289684971845539912716,1311527462368,2023-07-19 16:00:00
121,1689768000,4197665.696160353400518987676752378,1300854214733,2023-07-19 15:00:00
122,1689764400,4196362.401664586920003075040657616,1299487346510,2023-07-19 14:00:00
123,1689760800,4196313.811086053575715413175060531,1299413551211,2023-07-19 13:00:00
124,1689757200,4195614.197159694538021645293943608,1299349342310,2023-07-19 12:00:00
125,1689753600,4220779.720977059552255413754713834,1528778776360,2023-07-19 11:00:00
126,1689750000,4224474.70001765988043066452857676,1532760342104,2023-07-19 10:00:00
127,1689746400,4224271.947711917037965646972726754,1532760342104,2023-07-19 09:00:00
128,1689742800,4225861.410108055399578697723051324,1532760342104,2023-07-19 08:00:00
129,1689739200,4226840.372629693139175210737369256,1532821038533,2023-07-19 07:00:00
130,1689735600,4220875.768277180594459458633214098,1528787298051,2023-07-19 06:00:00
131,1689732000,4219341.404085539110999795945457194,1528774818946,2023-07-19 05:00:00
132,1689728400,4219876.404820469938460174266983038,1528737964457,2023-07-19 04:00:00
133,1689724800,4217321.775186993596934648913637105,1525601277568,2023-07-19 03:00:00
134,1689721200,4181308.082846535049487512695694437,874146523514,2023-07-19 02:00:00
135,1689717600,4177339.607569329169866935262629181,873028633387,2023-07-19 01:00:00
136,1689710400,4179246.870663929119195393474780348,872792016361,2023-07-18 23:00:00
137,1689706800,4180544.954352486217920689341987401,871971074337,2023-07-18 22:00:00
138,1689703200,4181071.670908589817194591917015288,872738409832,2023-07-18 21:00:00
139,1689699600,4171108.278752937028599203365333681,871713607174,2023-07-18 20:00:00
140,1689696000,4168930.99043553031470391075551706,845451510839,2023-07-18 19:00:00
141,1689692400,4184528.983348811694166312315384907,1476951577040,2023-07-18 18:00:00
142,1689688800,4166807.199279044912865455378426514,1476951577040,2023-07-18 17:00:00
143,1689685200,4160147.03335967638700359027402485,868728789411,2023-07-18 16:00:00
144,1689681600,4136398.753016070285346374798407689,846021798513,2023-07-18 15:00:00
145,1689678000,4152427.351057219830289171883018917,1445758275601,2023-07-18 14:00:00
146,1689674400,4151833.297591043627994155484944958,1430858044771,2023-07-18 13:00:00
147,1689670800,4154053.119450385376640687393724091,1430858044771,2023-07-18 12:00:00
148,1689667200,4153569.126619711209935791648241225,1431733096355,2023-07-18 11:00:00
149,1689663600,4153757.512749184978982255431708633,1431164017506,2023-07-18 10:00:00
150,1689660000,4152835.349221230484790959576899076,1431164017506,2023-07-18 09:00:00
151,1689652800,4162786.10685618813772048151323517,1480425340626,2023-07-18 07:00:00
152,1689649200,4158209.852526511773923259201946163,1408368502198,2023-07-18 06:00:00
153,1689645600,4160930.7211755802430608943851254,1407347195386,2023-07-18 05:00:00
154,1689642000,4144061.513697467550642587128469929,1258275289728,2023-07-18 04:00:00
155,1689638400,4141836.726523009733202109066374587,1258275289728,2023-07-18 03:00:00
156,1689634800,4142847.685446192317607836592718639,1259253302719,2023-07-18 02:00:00
157,1689631200,4156907.945864796300856180906661818,1258232045033,2023-07-18 01:00:00
158,1689627600,4159413.694173913134514546483547834,1258230017771,2023-07-18 00:00:00
159,1689624000,4138211.23582086400846008531970426,1207821182800,2023-07-17 23:00:00
160,1689620400,4129301.364138801498975968356810387,831518499388,2023-07-17 22:00:00
161,1689616800,4121582.313284221139478576803870952,829527366682,2023-07-17 21:00:00
162,1689613200,4166483.457961080688436154860833633,1263081192609,2023-07-17 20:00:00
163,1689609600,4171333.410004733349402707778244733,1261856585622,2023-07-17 19:00:00
164,1689606000,4167381.482643185771074025373665671,1259304482363,2023-07-17 18:00:00
165,1689602400,4168258.942222675903190094020144593,1257250422603,2023-07-17 17:00:00
166,1689598800,4166811.705579078146707105925362575,1258690859584,2023-07-17 16:00:00
167,1689595200,4160612.15024699450288100180828755,1257158757254,2023-07-17 15:00:00
168,1689591600,4175450.927741416823145493654910185,1260403218128,2023-07-17 14:00:00
169,1689588000,4170628.267594436484225019498071596,1260403218128,2023-07-17 13:00:00
170,1689584400,4180042.344678140960818790325392172,1325920557141,2023-07-17 12:00:00
171,1689580800,4185263.376075530225562470257386807,1325920557141,2023-07-17 11:00:00
172,1689577200,4182644.574154668412728631179330616,1325920557141,2023-07-17 10:00:00
173,1689573600,4182502.025375197139551959983320841,1325920557141,2023-07-17 09:00:00
174,1689570000,4183235.215879189329255233494065381,1327729747135,2023-07-17 08:00:00
175,1689566400,4182916.410657590352684120076326368,1325689242504,2023-07-17 07:00:00
176,1689562800,4180506.731149984605141907122306459,1325689242504,2023-07-17 06:00:00
177,1689559200,4180748.006000375171101215291913708,1325689242504,2023-07-17 05:00:00
178,1689555600,4184304.657912680475614368777333079,1326540900598,2023-07-17 04:00:00
179,1689552000,4182648.370899462444246814766874616,1328841502268,2023-07-17 03:00:00
180,1689548400,4180468.461614208568938716004231635,1328698428708,2023-07-17 02:00:00
181,1689544800,4183551.761259269530631506048950942,1328677979487,2023-07-17 01:00:00
182,1689541200,4180828.296407980807992728697880063,1328732247021,2023-07-17 00:00:00
183,1689537600,4186484.587384648199260324262588477,1328836734154,2023-07-16 23:00:00
184,1689534000,4186544.91970595934481121984537127,1328786624369,2023-07-16 22:00:00
185,1689530400,4189947.383005243071945104425737357,1326736621660,2023-07-16 21:00:00
186,1689526800,4190719.794799009095624774330214402,1325975367144,2023-07-16 20:00:00
187,1689523200,4191346.604459132265776194654098874,1325975367144,2023-07-16 19:00:00
188,1689519600,4190791.398778489957303612663518098,1326062988279,2023-07-16 18:00:00
189,1689516000,4189984.647547459211839171031688186,1328036813192,2023-07-16 17:00:00
190,1689512400,4186531.890637600584831359000311883,1328036813192,2023-07-16 16:00:00
191,1689508800,4184317.240537451973349532339028216,1327995110910,2023-07-16 15:00:00
192,1689505200,4171849.28669978111511279099781084,1316217171300,2023-07-16 14:00:00
193,1689501600,4161358.571316421491216528222397069,1310171519778,2023-07-16 13:00:00
194,1689498000,4158447.736298299972258605743921777,1309763271853,2023-07-16 12:00:00
195,1689494400,4158582.692542191307245333749083734,1309762977365,2023-07-16 11:00:00
196,1689487200,4158998.103639761562104309175251426,1309288120464,2023-07-16 09:00:00
197,1689483600,4154833.888946122626248549234496902,1309098496856,2023-07-16 08:00:00
198,1689480000,4152591.875714807418883789242492967,1309055263617,2023-07-16 07:00:00
199,1689476400,4154748.034580805675609242274265728,1310052317507,2023-07-16 06:00:00
200,1689472800,4154481.141464819530143836230687595,1309399487677,2023-07-16 05:00:00
201,1689469200,4157711.281945404269432473486930366,1309254205699,2023-07-16 04:00:00
202,1689465600,4158224.835123962062663372390194242,1308943757342,2023-07-16 03:00:00
203,1689458400,4161325.812437515315719242355632178,1308943757342,2023-07-16 01:00:00
204,1689454800,4162181.824886039985239159451946998,1308989500475,2023-07-16 00:00:00
205,1689451200,4160850.677674372115141610447542939,1308713950596,2023-07-15 23:00:00
206,1689447600,4158990.044522188053468861973944909,1308896948559,2023-07-15 22:00:00
207,1689444000,4158686.774127155447698422297144668,1307883059974,2023-07-15 21:00:00
208,1689440400,4144792.101756673689673947796455973,1275795940427,2023-07-15 20:00:00
209,1689436800,4144941.710061222111755765008429067,1276207330758,2023-07-15 19:00:00
210,1689433200,4151509.693585253872302466003127129,1278876183999,2023-07-15 18:00:00
211,1689429600,4155140.025495546900764137116015946,1279043406522,2023-07-15 17:00:00
212,1689426000,4155941.812733136593921506372394392,1279055426476,2023-07-15 16:00:00
213,1689422400,4153809.946079840345713008882653815,1278679494102,2023-07-15 15:00:00
214,1689418800,4141180.590138264515398439017350408,1273407461334,2023-07-15 14:00:00
215,1689415200,4140865.504166888300177887325391424,1273136621907,2023-07-15 13:00:00
216,1689411600,4139134.889570839398599530623503319,1273071432863,2023-07-15 12:00:00
217,1689408000,4135505.297540621133008677841594936,1271428811685,2023-07-15 11:00:00
218,1689404400,4136953.824062060218255124897362636,1271428811685,2023-07-15 10:00:00
219,1689400800,4138316.051662120651633936966046825,1271428811685,2023-07-15 09:00:00
220,1689397200,4139764.748432441091648732728286687,1271428811685,2023-07-15 08:00:00
221,1689393600,4138931.989120833276652836494225884,1271624552823,2023-07-15 07:00:00
222,1689390000,4139422.482788030487853692153569816,1271624552442,2023-07-15 06:00:00
223,1689386400,4140026.95015638531927022650545825,1271786690821,2023-07-15 05:00:00
224,1689382800,4139673.965640544653464741365983506,1272082940896,2023-07-15 04:00:00
225,1689379200,4133274.553013879414862045347526212,1268817217872,2023-07-15 03:00:00
226,1689375600,4130062.301273671079142903695728873,1268817178454,2023-07-15 02:00:00
227,1689372000,4125946.861042051846431125960312033,1230613361409,2023-07-15 01:00:00
228,1689368400,4122153.465653951419428049565189132,1229685363339,2023-07-15 00:00:00
229,1689364800,4123002.152318605076996381220525357,1230754372103,2023-07-14 23:00:00
230,1689361200,4120555.469387967044426168402513006,1230769200105,2023-07-14 22:00:00
231,1689357600,4144904.804273524575718913906117697,1230769200105,2023-07-14 21:00:00
232,1689354000,4182421.551399445035088759820217746,1197458954322,2023-07-14 20:00:00
233,1689350400,4206013.789507304625193623871420827,1162923163418,2023-07-14 19:00:00
234,1689346800,4217008.311171122822444903492490353,1164060895980,2023-07-14 18:00:00
235,1689343200,4213498.747336068783340828033568656,1164060895980,2023-07-14 17:00:00
236,1689339600,4211444.905279811181813776505411895,1164028488086,2023-07-14 16:00:00
237,1689336000,4206057.750101098243082158342566799,1131179679854,2023-07-14 15:00:00
238,1689332400,4208708.444232685014277162506777835,1131179679854,2023-07-14 14:00:00
239,1689328800,4208384.303284307912213508787060828,1130896777396,2023-07-14 13:00:00
240,1689325200,4196242.538993191607495642849173478,1131179680594,2023-07-14 12:00:00
241,1689321600,4196238.505574997493444375224370058,1131179680594,2023-07-14 11:00:00
242,1689318000,4197599.673374284781102222018866132,1131324155991,2023-07-14 10:00:00
243,1689314400,4218617.521036770677484834477664389,1074364325045,2023-07-14 09:00:00
244,1689310800,4221414.237795834240075767969922501,1074364265872,2023-07-14 08:00:00
245,1689307200,4223215.973052923221253031014383676,1074362330344,2023-07-14 07:00:00
246,1689303600,4223491.454900744662272620001242192,1074377158833,2023-07-14 06:00:00
247,1689300000,4224146.627790708833865008349787896,1074066149351,2023-07-14 05:00:00
248,1689296400,4220679.343662698588783750728563524,1072363414742,2023-07-14 04:00:00
249,1689292800,4218895.873109684425992891656831861,1077032297055,2023-07-14 03:00:00
250,1689289200,4221449.997525180212999095901231208,1080173694515,2023-07-14 02:00:00
251,1689285600,4209593.09083166810761735344401497,1136512251857,2023-07-14 01:00:00
252,1689282000,4207563.573891454029575972948609245,1136504879042,2023-07-14 00:00:00
253,1689278400,4231575.48560082922920676037941793,1086872452516,2023-07-13 23:00:00
254,1689274800,4243431.466826449612585934969088145,917984306034,2023-07-13 22:00:00
255,1689271200,4286630.796462749929512427202141232,1122556711155,2023-07-13 21:00:00
256,1689267600,4276410.154082941412488335822127761,1445613215607,2023-07-13 20:00:00
257,1689264000,4262012.248479548296985861814462417,1302409649229,2023-07-13 19:00:00
258,1689260400,4262451.775413721255358469726764448,1302642173637,2023-07-13 18:00:00
259,1689256800,4240300.204119386885042024899725413,1338884903322,2023-07-13 17:00:00
260,1689253200,4243924.679375739854125746956768999,1338884885092,2023-07-13 16:00:00
261,1689249600,4239545.901054683469249991270943903,1337544237996,2023-07-13 15:00:00
262,1689246000,4238349.285636647940853009305831972,1338317800506,2023-07-13 14:00:00
263,1689242400,4240797.667582778482885231206376954,1338314589098,2023-07-13 13:00:00
264,1689238800,4238831.994685256205119290953486446,1338313694277,2023-07-13 12:00:00
265,1689235200,4227855.286032150017654736445261649,1443290393512,2023-07-13 11:00:00
266,1689231600,4227035.239042677075019063500331067,1443400323346,2023-07-13 10:00:00
267,1689228000,4218134.016551401421224218115289124,1443399301476,2023-07-13 09:00:00
268,1689224400,4226053.743146310401555675691013635,1443399301482,2023-07-13 08:00:00
269,1689220800,4224821.537403878230825099791964973,1443166943454,2023-07-13 07:00:00
270,1689217200,4221154.242172975463669632608444932,1437510386990,2023-07-13 06:00:00
271,1689213600,4239588.059702089400290212728196663,1481546342894,2023-07-13 05:00:00
272,1689210000,4239033.269263726429518672545124177,1482212192971,2023-07-13 04:00:00
273,1689206400,4240613.480263140410844037258839252,1483922685368,2023-07-13 03:00:00
274,1689202800,4240961.641887651979191110667013671,1484069314351,2023-07-13 02:00:00
275,1689199200,4239030.461222426411712879805378082,1483038840670,2023-07-13 01:00:00
276,1689195600,4239050.863025076150248959273411197,1483038840670,2023-07-13 00:00:00
277,1689192000,4239427.144583434228291524314456724,1483023548668,2023-07-12 23:00:00
278,1689188400,4240049.588386147006144617620466721,1483346360037,2023-07-12 22:00:00
279,1689184800,4252368.77648199704840379986161886,1334325050480,2023-07-12 21:00:00
280,1689181200,4246356.039588355217782818266757782,1334037222335,2023-07-12 20:00:00
281,1689177600,4254346.073322961019324128527767998,1333333588881,2023-07-12 19:00:00
282,1689174000,4258213.207268192101970638379495574,1332967733948,2023-07-12 18:00:00
283,1689170400,4265002.79856756976878219042957608,1328039422425,2023-07-12 17:00:00
284,1689166800,4255277.337039039767161167139998447,1330614482388,2023-07-12 16:00:00
285,1689163200,4264563.184695155847607461447959398,1326832767820,2023-07-12 15:00:00
286,1689159600,4264404.611747900908933707882409838,1330223240642,2023-07-12 14:00:00
287,1689156000,4264117.114232753703611343843859597,1329135458210,2023-07-12 13:00:00
288,1689152400,4266889.595361667827560575354147189,1329931257552,2023-07-12 12:00:00
289,1689148800,4265888.404195554972468860558127659,1328614451308,2023-07-12 11:00:00
290,1689145200,4265075.321157940355056148932193242,1324006970182,2023-07-12 10:00:00
291,1689141600,4262540.419214323766973920679369767,1323017233058,2023-07-12 09:00:00
292,1689138000,4257122.009880813236448314585265451,1334920337400,2023-07-12 08:00:00
293,1689134400,4255533.959538130934658270339662746,1334920337400,2023-07-12 07:00:00
294,1689130800,4252833.550543975133801469280957999,1334838879012,2023-07-12 06:00:00
295,1689127200,4253003.117895364061064579115135378,1334065785671,2023-07-12 05:00:00
296,1689123600,4247930.899542945243162697219908731,1331588220189,2023-07-12 04:00:00
297,1689120000,4246891.191774330536286007459411354,1331554641466,2023-07-12 03:00:00
298,1689116400,4249677.126887496601307083677450759,1332242519620,2023-07-12 02:00:00
299,1689112800,4242417.489409661103053716857178577,1330674781061,2023-07-12 01:00:00
300,1689109200,4245631.372379947124125458985143276,1330698901936,2023-07-12 00:00:00
301,1689105600,4246342.950618714501976669949625093,1330469419293,2023-07-11 23:00:00
302,1689102000,4243820.453193997173137818864364688,1330092790785,2023-07-11 22:00:00
303,1689098400,4244344.394987065057287465309520404,1330092790785,2023-07-11 21:00:00
304,1689094800,4248337.090814181197708246286342382,1330394312942,2023-07-11 20:00:00
305,1689091200,4250599.17052031614642108494015068,1330234519997,2023-07-11 19:00:00
306,1689087600,4249629.463586529962705477339776674,1329546920583,2023-07-11 18:00:00
307,1689084000,4259411.374790677208031599048699661,1338409507770,2023-07-11 17:00:00
308,1689080400,4253243.907596131788299209619969018,1474449523800,2023-07-11 16:00:00
309,1689069600,4131898.084697199466572160030001085,1326116489124,2023-07-11 13:00:00
310,1689066000,4133639.237700813799635463528593515,1331040823524,2023-07-11 12:00:00
311,1689062400,4150196.429937393713556232797812355,1336541039139,2023-07-11 11:00:00
312,1689058800,4132175.642797396044141241317023554,1336627236933,2023-07-11 10:00:00
313,1689055200,4131853.613791977652044214588841594,1335854147491,2023-07-11 09:00:00
314,1689051600,4126429.117124752733085648098345254,1335854147491,2023-07-11 08:00:00
315,1689048000,4126203.338921546255812661380084882,1336159911454,2023-07-11 07:00:00
316,1689044400,4126881.969733828710360142915713534,1336125839020,2023-07-11 06:00:00
317,1689040800,4126765.842144071177345140287268814,1336125839020,2023-07-11 05:00:00
318,1689037200,4126963.076544278036687513893431527,1336125551773,2023-07-11 04:00:00
319,1689033600,4121249.010490782209336976662518047,1341025881655,2023-07-11 03:00:00
320,1689030000,4109979.204438660746947042966327285,1338856545997,2023-07-11 02:00:00
321,1689026400,4107835.350399818934978469898916968,1342715676348,2023-07-11 01:00:00
322,1689022800,4113770.495163852059941768246604524,1343656212624,2023-07-11 00:00:00
323,1689019200,4147594.089084289272819341926225257,1295142347743,2023-07-10 23:00:00
324,1689015600,4131340.811312925552379075756493977,1318307331540,2023-07-10 22:00:00
325,1689012000,4110879.894267548262902963909365427,1322265803235,2023-07-10 21:00:00
326,1689008400,4102899.447099854142033079515857789,1353889559945,2023-07-10 20:00:00
327,1689004800,4101512.024383333099696225016147138,1355122695302,2023-07-10 19:00:00
328,1689001200,4098413.058922767289526784519316156,1353866901930,2023-07-10 18:00:00
329,1688997600,4099939.315743309775237050384410161,1355016104630,2023-07-10 17:00:00
330,1688994000,4079179.954451786456408471127710769,1287794202086,2023-07-10 16:00:00
331,1688990400,4198528.353287566340117746730267531,1288892061232,2023-07-10 15:00:00
332,1688986800,4195921.039661742009656759948284948,1288978424941,2023-07-10 14:00:00
333,1688983200,4194886.38124612271828884385963651,1288974548568,2023-07-10 13:00:00
334,1688979600,4191566.864517222820573196062127823,1288974044316,2023-07-10 12:00:00
335,1688976000,4192005.008650730109107440855415975,2461402081583,2023-07-10 11:00:00
336,1688972400,4195182.930517863225837519335918581,2460170444233,2023-07-10 10:00:00
337,1688968800,4177318.374900274792515818377179373,2461710427710,2023-07-10 09:00:00
338,1688961600,4251059.743854313341466852079762603,1300868077272,2023-07-10 07:00:00
339,1688958000,4250746.518619388537829702679898749,1299431892043,2023-07-10 06:00:00
340,1688954400,4246520.395014848163972291372941798,1300971640595,2023-07-10 05:00:00
341,1688950800,4250480.393938747299372610235640536,1308760105938,2023-07-10 04:00:00
342,1688947200,4250160.863056061997538397758429574,1307220357376,2023-07-10 03:00:00
343,1688943600,4255997.134216109947645991287615844,1307991085968,2023-07-10 02:00:00
344,1688940000,4128865.434324995355482799622646676,1308171804300,2023-07-10 01:00:00
345,1688936400,4257910.354038261025920765638280051,1305025639545,2023-07-10 00:00:00
346,1688932800,4259346.389950093629624791331706068,1307160169121,2023-07-09 23:00:00
347,1688929200,4262987.446385914019153464730662429,1339740898052,2023-07-09 22:00:00
348,1688925600,4053373.692883507865681587580064608,968885023147,2023-07-09 21:00:00
349,1688922000,4053287.511062263701767749306485414,965991937396,2023-07-09 20:00:00
350,1688918400,4055249.561417475067590887802630854,965991937396,2023-07-09 19:00:00
351,1688914800,4057519.11386954087221889304943422,967530844094,2023-07-09 18:00:00
352,1688911200,4055217.379889502363438239053661178,968444108286,2023-07-09 17:00:00
353,1688907600,4060692.838385173659332773683398744,971696130828,2023-07-09 16:00:00
354,1688904000,4056385.649996267941666694941407093,969293058532,2023-07-09 15:00:00
355,1688896800,4052873.711120813275192037326623993,968808026333,2023-07-09 13:00:00
356,1688893200,4053303.636999294466454857239255087,968808026333,2023-07-09 12:00:00
357,1688889600,4052949.891082643310323428055678309,946706814182,2023-07-09 11:00:00
358,1688882400,4054427.627839608643124204036118341,946706814182,2023-07-09 09:00:00
359,1688878800,4054383.729629423147133827563676726,946706814182,2023-07-09 08:00:00
360,1688875200,4055163.774195015311618416049889904,946706814182,2023-07-09 07:00:00
361,1688868000,4051276.158547124741625332673116864,945482581730,2023-07-09 05:00:00
362,1688864400,4052202.432202151201374431839280842,945482581730,2023-07-09 04:00:00
363,1688860800,4049593.178743862387942926577440629,946701596490,2023-07-09 03:00:00
364,1688857200,4041960.490962240530586077927324179,919694886867,2023-07-09 02:00:00
365,1688853600,4038666.085458515141417484618023342,919694886867,2023-07-09 01:00:00
366,1688850000,4065105.947898682997667718566329675,919490677672,2023-07-09 00:00:00
367,1688846400,4065519.605735324193429846618883218,918462290255,2023-07-08 23:00:00
368,1688842800,4063453.834834787624966286088396047,910195239255,2023-07-08 22:00:00
369,1688839200,4069086.967329913789894708771991913,1419052586530,2023-07-08 21:00:00
370,1688835600,4069200.838795143817079520417816894,1419052586530,2023-07-08 20:00:00
371,1688832000,4068877.648369048352699597743954385,1419049865356,2023-07-08 19:00:00
372,1688828400,4066043.773654766384748038504404771,1420031548488,2023-07-08 18:00:00
373,1688824800,4064527.330814847583833350154841426,1414154742012,2023-07-08 17:00:00
374,1688821200,4069200.208709225615962024818075568,1417132585019,2023-07-08 16:00:00
375,1688817600,4068316.776878925125221692356168302,1416097933029,2023-07-08 15:00:00
376,1688814000,4066711.549700387147940797062839868,1416993940546,2023-07-08 14:00:00
377,1688810400,4068830.104083267384602373862725698,1415967132472,2023-07-08 13:00:00
378,1688806800,4068862.999194881065138158926097189,1415967132472,2023-07-08 12:00:00
379,1688803200,4068891.750512680159690058729190272,1416993940559,2023-07-08 11:00:00
380,1688799600,4068723.749637111807939010301979334,1415967132472,2023-07-08 10:00:00
381,1688796000,4070595.623827140121736151054392677,1416233264024,2023-07-08 09:00:00
382,1688792400,4073443.332176263735831058914839646,1417254488683,2023-07-08 08:00:00
383,1688788800,4080952.712157328864096386233977163,1417159114228,2023-07-08 07:00:00
384,1688785200,4080809.346787989394978723045874241,1416992133710,2023-07-08 06:00:00
385,1688781600,4078519.397911099537559926480242333,1417188526423,2023-07-08 05:00:00
386,1688778000,4074663.063834676352100004749323598,1417149165127,2023-07-08 04:00:00
387,1688774400,4081537.587451989099588891742619175,1447076051114,2023-07-08 03:00:00
388,1688770800,4082833.857081921779532650243528867,1447390074501,2023-07-08 02:00:00
389,1688767200,4081829.761467105535582579374109374,1432917526939,2023-07-08 01:00:00
390,1688763600,4081113.318830411726128144396214935,1432912219376,2023-07-08 00:00:00
391,1688760000,4022226.727690503799917957922660093,806521306228,2023-07-07 23:00:00
392,1688756400,4051361.570241581536985771124270257,806175470077,2023-07-07 22:00:00
393,1688752800,4048731.689822877496542841232081803,792661081448,2023-07-07 21:00:00
394,1688749200,4052596.308397865167786512763441247,1043391508537,2023-07-07 20:00:00
395,1688745600,4058787.796511599666024759642017015,1043386712384,2023-07-07 19:00:00
396,1688742000,4045485.210767261321013726566676274,1022575439805,2023-07-07 18:00:00
397,1688738400,4055902.042141425566249251193602521,1038885273241,2023-07-07 17:00:00
398,1688734800,4050781.499041176548288089536705866,1038384878426,2023-07-07 16:00:00
399,1688731200,4041930.270684061344236688424674942,788755730775,2023-07-07 15:00:00
400,1688727600,4039264.817993316627677358998793908,789719330181,2023-07-07 14:00:00
401,1688724000,4039375.214684943262877216159957064,789243327532,2023-07-07 13:00:00
402,1688720400,4037451.210260976261203068889940309,789719240147,2023-07-07 12:00:00
403,1688716800,4036228.873508419050658055588889078,790842872182,2023-07-07 11:00:00
404,1688713200,4036003.511533554564727784336247993,790882529845,2023-07-07 10:00:00
405,1688709600,4043057.259158042001877576273569451,789668695494,2023-07-07 09:00:00
406,1688706000,4043444.678690802715435791400178332,789668548124,2023-07-07 08:00:00
407,1688702400,4037162.488195716486389553306853258,789668548124,2023-07-07 07:00:00
408,1688698800,4035844.136241754182712330698058529,789153175442,2023-07-07 06:00:00
409,1688695200,4033593.539049121800495113591118099,789245930810,2023-07-07 05:00:00
410,1688691600,4031821.673327376995086455236419692,790214014526,2023-07-07 04:00:00
411,1688688000,4029632.262179001790986338369382388,790156710033,2023-07-07 03:00:00
412,1688684400,4028330.944605432799906517986220101,792044132341,2023-07-07 02:00:00
413,1688680800,4044539.815026795893488482893597773,795714877563,2023-07-07 01:00:00
414,1688677200,4036148.743916381264686099216263279,1003711591398,2023-07-07 00:00:00
415,1688673600,4040021.046235452679154534413685297,1003711480572,2023-07-06 23:00:00
416,1688670000,4040711.420440983329359872537556662,1003485990166,2023-07-06 22:00:00
417,1688666400,4038227.923088307919425721443552983,1004047708487,2023-07-06 21:00:00
418,1688662800,4036243.023781778743790052478028704,1003897112244,2023-07-06 20:00:00
419,1688659200,4038805.117991588732244588327864173,1003145813859,2023-07-06 19:00:00
420,1688655600,4055699.283214553751851049015657936,1003341833959,2023-07-06 18:00:00
421,1688652000,4030321.883006154752763112266607223,779579360422,2023-07-06 17:00:00
422,1688648400,4053032.191413146472897582175335472,985358025910,2023-07-06 16:00:00
423,1688644800,4062510.752521425312071195187478964,982462441195,2023-07-06 15:00:00
424,1688641200,4078651.325803327095464589915370436,945017862047,2023-07-06 14:00:00
425,1688637600,4096360.531762517945841861647458971,651840137554,2023-07-06 13:00:00
426,1688634000,4091569.941131512667080174638806293,1098574336336,2023-07-06 12:00:00
427,1688630400,4102617.099776637332396202140089003,652492926392,2023-07-06 11:00:00
428,1688626800,4081032.045529390009816688967998666,986778997273,2023-07-06 10:00:00
429,1688623200,4070209.847360490960550634598829248,986778997273,2023-07-06 09:00:00
430,1688619600,4065889.27999628381382357849677101,1013999697709,2023-07-06 08:00:00
431,1688616000,4059348.844643421564033166666653256,1013999697709,2023-07-06 07:00:00
432,1688612400,4058716.692775982902004872180602189,1013999697709,2023-07-06 06:00:00
433,1688608800,4059290.364494919633536439582993783,1013999697709,2023-07-06 05:00:00
434,1688605200,4058870.040130533732005452607668208,1014517684053,2023-07-06 04:00:00
435,1688601600,4061342.816684140102766107673372791,1014246850956,2023-07-06 03:00:00
436,1688598000,4060176.695725720337888757964636265,1013842587194,2023-07-06 02:00:00
437,1688594400,4059792.89973376729884716298491399,1013282208847,2023-07-06 01:00:00
438,1688590800,4067692.391524025597583114514502129,1016303479830,2023-07-06 00:00:00
439,1688587200,4069259.534808901450918850757284807,1016303479830,2023-07-05 23:00:00
440,1688583600,4072899.314367719348493553768563626,1016817770774,2023-07-05 22:00:00
441,1688580000,4071610.176805850049357391585823154,1016303479830,2023-07-05 21:00:00
442,1688576400,4067625.699991423372028813675271251,1016100829523,2023-07-05 20:00:00
443,1688572800,4061742.306691164709622426246937206,994336850759,2023-07-05 19:00:00
444,1688569200,4061947.199436071487891947697500269,994696191272,2023-07-05 18:00:00
445,1688565600,4084804.587222357652702444287737168,999580007530,2023-07-05 17:00:00
446,1688562000,4078682.18545755193185560921679788,999578811322,2023-07-05 16:00:00
447,1688558400,4089295.971102109779424265462024294,1000544454268,2023-07-05 15:00:00
448,1688554800,4092342.414292587256651515379203214,1001780019264,2023-07-05 14:00:00
449,1688551200,4098191.97595653004273475266368943,1006678280433,2023-07-05 13:00:00
450,1688547600,4115805.041281008088392495060217695,1002657327283,2023-07-05 12:00:00
451,1688544000,4114471.251106465926427864807427518,1002781208808,2023-07-05 11:00:00
452,1688540400,4120174.000626648972663769874005526,969741162496,2023-07-05 10:00:00
453,1688536800,4121677.856926261439164888112186475,969057850997,2023-07-05 09:00:00
454,1688533200,4120475.683415839426292578836924212,956590524195,2023-07-05 08:00:00
455,1688529600,4121823.172980594706731908502857764,956590524195,2023-07-05 07:00:00
456,1688526000,4116123.568456697069398666237060568,956600288369,2023-07-05 06:00:00
457,1688522400,4114900.266326579603905181831644001,990017376499,2023-07-05 05:00:00
458,1688518800,4114890.422830967730635701557199458,990017376499,2023-07-05 04:00:00
459,1688515200,4114955.386992590715328025061418845,990740570052,2023-07-05 03:00:00
460,1688511600,4114968.065512951556555421856941134,990589459178,2023-07-05 02:00:00
461,1688508000,4112404.213308990368982384861013783,989706045021,2023-07-05 01:00:00
462,1688504400,4056064.258027230254906243271304057,775102761649,2023-07-05 00:00:00
463,1688500800,4055721.31976926761781739510468541,775102761649,2023-07-04 23:00:00
464,1688497200,4058463.736139639546542172333424497,775102761649,2023-07-04 22:00:00
465,1688493600,4058055.880679787937118256025879773,729425686848,2023-07-04 21:00:00
466,1688490000,4058426.353443427284702513603068251,730040979130,2023-07-04 20:00:00
467,1688486400,4060938.737752204871657069579194058,727351953288,2023-07-04 19:00:00
468,1688482800,4063062.423969111689371050280034374,884081187607,2023-07-04 18:00:00
469,1688479200,4063272.171423372556197414087480378,883851046550,2023-07-04 17:00:00
470,1688475600,4064518.237433482097550229279860599,883193679340,2023-07-04 16:00:00
471,1688472000,4064343.739474099688312669371264683,882019878753,2023-07-04 15:00:00
472,1688468400,4062089.162627501613726317410281529,882542280536,2023-07-04 14:00:00
473,1688464800,4060387.452738550289442610116661906,882527578835,2023-07-04 13:00:00
474,1688461200,4061684.362819185152353844389530102,881652897207,2023-07-04 12:00:00
475,1688457600,4059365.368730183317658146481355916,871639727480,2023-07-04 11:00:00
476,1688454000,4058761.75738310532682556277448655,871121322818,2023-07-04 10:00:00
477,1688450400,4053790.864752737222940608199744795,857365104563,2023-07-04 09:00:00
478,1688446800,4056298.225554581379642534890046722,857363907736,2023-07-04 08:00:00
479,1688443200,4058237.229141580321623917917099711,857363907736,2023-07-04 07:00:00
480,1688439600,4063359.461918513850606243664014851,619607202379,2023-07-04 06:00:00
481,1688436000,4071567.384422816772997704981694833,621879560625,2023-07-04 05:00:00
482,1688432400,4084637.37915618576617251500164546,622663694317,2023-07-04 04:00:00
483,1688428800,4075552.711142642148676370591184321,866975350992,2023-07-04 03:00:00
484,1688425200,4076161.531790549977101446854226605,866779193702,2023-07-04 02:00:00
485,1688421600,4085969.032837648201960419019638523,866808080435,2023-07-04 01:00:00
486,1688418000,4086928.061587865201793592574913057,841823624170,2023-07-04 00:00:00
487,1688414400,4101851.138318732036890485121667537,598474762314,2023-07-03 23:00:00
488,1688410800,4107172.34275426789860678829636031,592757865992,2023-07-03 22:00:00
489,1688407200,4117877.775136526397185964143446179,595599671260,2023-07-03 21:00:00
490,1688403600,4107596.442062161689909718587641903,765703744265,2023-07-03 20:00:00
491,1688400000,4105938.614497666720024559258880308,760164349970,2023-07-03 19:00:00
492,1688396400,4110583.283746094976315542812196092,823059241408,2023-07-03 18:00:00
493,1688392800,4096404.305216002740288667532318334,818457876349,2023-07-03 17:00:00
494,1688389200,4084105.899280660335925603860692689,805906446307,2023-07-03 16:00:00
495,1688385600,4079715.391131975794371140884649098,807300636690,2023-07-03 15:00:00
496,1688382000,4079955.952830717601341634655609549,807294699266,2023-07-03 14:00:00
497,1688378400,4082857.765448624249257460717895986,806970605889,2023-07-03 13:00:00
498,1688371200,4084235.002336667132062222651755549,806970605889,2023-07-03 11:00:00
499,1688367600,4083983.565893942266150711889418742,807433949487,2023-07-03 10:00:00
500,1688364000,4085515.476084268701279518985793496,807433949487,2023-07-03 09:00:00
501,1688360400,4082316.92217823887581634382282592,807433949487,2023-07-03 08:00:00
502,1688356800,4084591.062582740128498423957168665,806899603689,2023-07-03 07:00:00
503,1688353200,4084746.88329896203921508709356952,806684950489,2023-07-03 06:00:00
504,1688349600,4081872.042043940240087867942922585,806684950489,2023-07-03 05:00:00
505,1688346000,4080814.746803673037852444967932417,806461456776,2023-07-03 04:00:00
506,1688342400,4079424.110113101195097796849119905,907047339795,2023-07-03 03:00:00
507,1688338800,4072337.210973379458608250048497398,906036737630,2023-07-03 02:00:00
508,1688335200,4065610.555808853625284854978891653,905865254046,2023-07-03 01:00:00
509,1688331600,4069613.974029932604681077437632576,905865254046,2023-07-03 00:00:00
510,1688328000,4068976.314883092621088086761516595,905865254046,2023-07-02 23:00:00
511,1688324400,4070557.114158251923849752481883117,913883793204,2023-07-02 22:00:00
512,1688320800,4070362.627459416063355119250461965,913883793204,2023-07-02 21:00:00
513,1688317200,4073566.604605696296215550410869557,913883793204,2023-07-02 20:00:00
514,1688313600,4074259.81908856633754512230392056,913876149567,2023-07-02 19:00:00
515,1688310000,4072318.965593269196031373114769695,913390534500,2023-07-02 18:00:00
516,1688306400,4075949.349663356337287144221876129,910445904032,2023-07-02 17:00:00
517,1688302800,4076344.097382532740458554745806697,912096626018,2023-07-02 16:00:00
518,1688299200,4072855.362865071437056440977423959,911946240118,2023-07-02 15:00:00
519,1688295600,4071524.671654513238133045233978602,911944332113,2023-07-02 14:00:00
520,1688292000,4071720.298947631643233966288858199,912421445047,2023-07-02 13:00:00
521,1688288400,4072884.313577718612929824504913931,912421445047,2023-07-02 12:00:00
522,1688284800,4073047.835181400925264663124004914,898509468295,2023-07-02 11:00:00
523,1688281200,4074483.621352594334884520444471681,898494288398,2023-07-02 10:00:00
524,1688277600,4077060.861373311596379378179892197,898494288398,2023-07-02 09:00:00
525,1688274000,4078766.873426258833227981171875578,898458599107,2023-07-02 08:00:00
526,1688270400,4079498.697048404010282839188538753,898458599107,2023-07-02 07:00:00
527,1688266800,4080417.739984988691860389276450407,899512356138,2023-07-02 06:00:00
528,1688263200,4078570.042331145695554693133170425,892704718454,2023-07-02 05:00:00
529,1688259600,4078665.266427072195546117419149178,892223200676,2023-07-02 04:00:00
530,1688256000,4078344.339589451930478976434587544,891538704155,2023-07-02 03:00:00
531,1688252400,4078492.841831609543118808936702909,892155396643,2023-07-02 02:00:00
532,1688248800,4078492.841831609543118808936702909,892155396643,2023-07-02 01:00:00
533,1688245200,4080142.492969951584342829640542961,890956200872,2023-07-02 00:00:00
534,1688241600,4080623.24372249141431655372879344,890899994428,2023-07-01 23:00:00
535,1688238000,4080100.556625626386955043644012789,890492426399,2023-07-01 22:00:00
536,1688234400,4080187.961784134714947172922406911,889336602631,2023-07-01 21:00:00
537,1688230800,4081821.816362824025115918812106709,888719910143,2023-07-01 20:00:00
538,1688227200,4079573.28074737410837837965663184,888700254042,2023-07-01 19:00:00
539,1688223600,4081337.927895347921901229765621339,889311710339,2023-07-01 18:00:00
540,1688220000,4079013.805374967352152825904816456,889311710339,2023-07-01 17:00:00
541,1688216400,4064221.15719009477385534199858392,869286390970,2023-07-01 16:00:00
542,1688212800,4075838.262941587923089409201984806,892585512579,2023-07-01 15:00:00
543,1688209200,4071952.855807690237401485440569215,892579720344,2023-07-01 14:00:00
544,1688205600,4070051.453764345233462607272659406,900018058574,2023-07-01 13:00:00
545,1688202000,4072229.933006101651783485166717822,900018058574,2023-07-01 12:00:00
546,1688198400,4071832.447434975500663953821906496,900018058574,2023-07-01 11:00:00
547,1688194800,4070451.662620705611522054056150898,899401658970,2023-07-01 10:00:00
548,1688191200,4070731.698664004030885910722489013,900018057185,2023-07-01 09:00:00
549,1688187600,4070157.524891945174259171141621419,899918026137,2023-07-01 08:00:00
550,1688184000,4070157.479317991868349591311006287,899918026137,2023-07-01 07:00:00
551,1688180400,4075480.281447837886347812195436906,894852711752,2023-07-01 06:00:00
552,1688176800,4075497.500028911472501873492859383,894852711752,2023-07-01 05:00:00
553,1688173200,4074944.022980469158609587399382886,894236313537,2023-07-01 04:00:00
554,1688169600,4074512.210906350215003838937484288,895025208073,2023-07-01 03:00:00
555,1688166000,4069703.985616432421590231600204086,888407182375,2023-07-01 02:00:00
556,1688162400,4069034.240831630274606920892190375,888444481474,2023-07-01 01:00:00
557,1688158800,4057417.890413785642530347251192124,888874439840,2023-07-01 00:00:00
558,1688155200,4058208.555056311149063707815867727,889203239576,2023-06-30 23:00:00
559,1688151600,4057857.606300388187224941889369475,888680511794,2023-06-30 22:00:00
560,1688148000,4053818.944324795594691718288314763,889723506044,2023-06-30 21:00:00
561,1688144400,4066900.290667422844424461670589754,885569840831,2023-06-30 20:00:00
562,1688140800,4059113.380072691854813222093693564,889377424158,2023-06-30 19:00:00
563,1688137200,4036286.417249250792905019644133647,896779949206,2023-06-30 18:00:00
564,1688133600,4041737.174518981049513092137391538,895021978096,2023-06-30 17:00:00
565,1688130000,4036041.902770454110512175014856454,894941923922,2023-06-30 16:00:00
566,1688126400,4103022.208589850970134472501947763,831917954427,2023-06-30 15:00:00
567,1688122800,4096675.936138485857664174551680289,703199491624,2023-06-30 14:00:00
568,1688119200,4084463.531196290798275192983353563,769294458721,2023-06-30 13:00:00
569,1688115600,4095667.413071690642935681213601386,769326878647,2023-06-30 12:00:00
570,1688112000,4092597.813757098184524772206080061,767151587105,2023-06-30 11:00:00
571,1688108400,4089883.234242918983342080395025069,767151588795,2023-06-30 10:00:00
572,1688104800,4089903.67723553064339290949636914,767173783990,2023-06-30 09:00:00
573,1688101200,4093224.825632464290493790873363603,767382362290,2023-06-30 08:00:00
574,1688097600,4111070.304310047238945931773266478,870119090406,2023-06-30 07:00:00
575,1688094000,4094511.130241986043888645593409184,767887677611,2023-06-30 06:00:00
576,1688090400,4088544.906017141720019180755264754,774224807185,2023-06-30 05:00:00
577,1688086800,4077631.497088714815050787480784725,860668627294,2023-06-30 04:00:00
578,1688083200,4075302.568313071037966319579833006,860673173524,2023-06-30 03:00:00
579,1688079600,4075081.404194645304931360900954165,860573053567,2023-06-30 02:00:00
580,1688076000,4072518.909576758005214745789211033,1036730741625,2023-06-30 01:00:00
581,1688072400,4074980.675342343643492977511014391,1034995020384,2023-06-30 00:00:00
582,1688068800,4076796.611962208588371619015706312,1034358645448,2023-06-29 23:00:00
583,1688065200,4079400.55499901716968435624552297,857476322930,2023-06-29 22:00:00
584,1688061600,4083824.163017733855699434547506594,857092816596,2023-06-29 21:00:00
585,1688058000,4082821.985145742404385581496015929,856693317381,2023-06-29 20:00:00
586,1688054400,4079210.983402712524069125998855957,856693317381,2023-06-29 19:00:00
587,1688050800,4077885.24352689390773431050970654,856011037626,2023-06-29 18:00:00
588,1688047200,4075999.560726921884960250414485478,856664618344,2023-06-29 17:00:00
589,1688043600,4080991.167031196534944304174082402,856664408546,2023-06-29 16:00:00
590,1688040000,4083454.532148329686335534444721242,769430591275,2023-06-29 15:00:00
591,1688036400,4082138.264523444266218386022990971,851226536169,2023-06-29 14:00:00
592,1688032800,4079052.281424369236913712917488684,765563087202,2023-06-29 13:00:00
593,1688029200,4066499.691512064923453008152062366,1029130000496,2023-06-29 12:00:00
594,1688025600,4062000.002311322235297016839413305,1029129932696,2023-06-29 11:00:00
595,1688022000,4061019.249466210738970815234407017,1029444975305,2023-06-29 10:00:00
596,1688018400,4054999.656938184366838011770408447,868804825875,2023-06-29 09:00:00
597,1688014800,4054603.789358765246620904657497437,868437700490,2023-06-29 08:00:00
598,1688011200,4054685.538157415750931920745386279,868437700490,2023-06-29 07:00:00
599,1688007600,4050538.956040064368316424259798145,868437700490,2023-06-29 06:00:00
600,1688004000,4056598.112294361524165588846670778,867106288188,2023-06-29 05:00:00
601,1688000400,4072542.566865297986783625416051196,894176723783,2023-06-29 04:00:00
602,1687996800,4064245.329820356602047098325024835,893713451510,2023-06-29 03:00:00
603,1687993200,3976366.467460413376260894524517246,756995171881,2023-06-29 02:00:00
604,1687986000,3975668.085961263373364520655593201,756911387065,2023-06-29 00:00:00
605,1687982400,3968782.43084683863801896828232524,772045858973,2023-06-28 23:00:00
606,1687978800,3967634.486018726113339337168088536,772023745323,2023-06-28 22:00:00
607,1687975200,3988307.586582863652108551828040247,772819645797,2023-06-28 21:00:00
608,1687971600,3988415.195581918393027023833133762,773432991925,2023-06-28 20:00:00
609,1687968000,4000321.291126393565739485693700771,954531991922,2023-06-28 19:00:00
610,1687964400,4002018.736480624213661446591835427,954421597918,2023-06-28 18:00:00
611,1687960800,3998456.996402514288109495627519262,954428789892,2023-06-28 17:00:00
612,1687957200,3984527.970536100465840203718311308,773518542464,2023-06-28 16:00:00
613,1687953600,3986053.409833299723613261803791278,776105819795,2023-06-28 15:00:00
614,1687950000,3992010.500230737027695940485042747,956572930284,2023-06-28 14:00:00
615,1687946400,3990749.315557647313866839791189645,956572930284,2023-06-28 13:00:00
616,1687942800,3990181.035035846946550769511353974,956497722466,2023-06-28 12:00:00
617,1687939200,4010276.039417870417196560559624197,972811254633,2023-06-28 11:00:00
618,1687935600,4011806.224147485692660041066425412,972429479238,2023-06-28 10:00:00
619,1687932000,4024533.388347850329988171950806766,774771314089,2023-06-28 09:00:00
620,1687928400,4021461.158679175366659946576114078,774771314089,2023-06-28 08:00:00
621,1687921200,4021283.706957584469893060626970891,773242632740,2023-06-28 06:00:00
622,1687917600,4022733.737230432608683951146438865,773242632740,2023-06-28 05:00:00
623,1687914000,4024811.610400835254516958723639755,760717155429,2023-06-28 04:00:00
624,1687910400,4023426.650367642357001376397504724,760355020923,2023-06-28 03:00:00
625,1687906800,4019877.734719318336649948727761734,673473897019,2023-06-28 02:00:00
626,1687903200,4029744.682922612461864229279740805,673428380457,2023-06-28 01:00:00
627,1687899600,4028798.091207193925207530394225281,673406100583,2023-06-28 00:00:00
628,1687896000,4029729.718323948357760776689355665,670318711675,2023-06-27 23:00:00
629,1687892400,4033265.435053443500060489986327011,670116860260,2023-06-27 22:00:00
630,1687888800,4033388.726941557548089637728838466,669810130865,2023-06-27 21:00:00
631,1687885200,4032560.786627005025279287585702182,666102407163,2023-06-27 20:00:00
632,1687881600,4015447.610927182975166778013266949,665074885682,2023-06-27 19:00:00
633,1687878000,4009559.390833039970655129982471491,736788828245,2023-06-27 18:00:00
634,1687874400,4027892.831033860959964510571636336,656364214939,2023-06-27 17:00:00
635,1687870800,4004604.630281881779981459822952611,656363075634,2023-06-27 16:00:00
636,1687867200,4004039.536336816701877364242722767,656336421462,2023-06-27 15:00:00
637,1687863600,4005064.094355278875332282360516263,656408294675,2023-06-27 14:00:00
638,1687860000,3999625.748907960922080211269377869,728729909288,2023-06-27 13:00:00
639,1687856400,3985252.755514945148278835253574484,906651235213,2023-06-27 12:00:00
640,1687852800,3984563.820525245962039007104010752,906651221208,2023-06-27 11:00:00
641,1687849200,3990131.772394277275342835102535432,911710007287,2023-06-27 10:00:00
642,1687845600,3986245.185880825632880248569392154,911710007287,2023-06-27 09:00:00
643,1687842000,3988253.850964598596611423218280123,911709770970,2023-06-27 08:00:00
644,1687838400,3990061.530407359317996337121063075,910839726649,2023-06-27 07:00:00
645,1687834800,3992914.719651918748853820288771463,911709770980,2023-06-27 06:00:00
646,1687831200,3991623.71488080622722195896533903,911601609356,2023-06-27 05:00:00
647,1687827600,3986612.717715707215560149794074725,912033545690,2023-06-27 04:00:00
648,1687824000,3985442.523825444104095310697659038,911045800257,2023-06-27 03:00:00
649,1687820400,3978488.572554120825914460278216329,750194604744,2023-06-27 02:00:00
650,1687816800,3977305.47048169308766901816280675,749480797599,2023-06-27 01:00:00
651,1687813200,4108852.994321190564875063897617314,867279397807,2023-06-27 00:00:00
652,1687809600,4109064.808237612111134083553132066,866668819383,2023-06-26 23:00:00
653,1687806000,4108445.58801673096310864991011991,866681763450,2023-06-26 22:00:00
654,1687802400,4104886.839225784356176929013158481,855909766725,2023-06-26 21:00:00
655,1687798800,4101086.603935142473468391047278113,856638938506,2023-06-26 20:00:00
656,1687795200,4094461.843567806002476016752531109,844895704193,2023-06-26 19:00:00
657,1687791600,4122081.174122564484180700107246421,1029853953655,2023-06-26 18:00:00
658,1687788000,4118376.589185912596091794736482107,1028949206721,2023-06-26 17:00:00
659,1687784400,4128183.940757827592176205923158733,847851231083,2023-06-26 16:00:00
660,1687780800,4115511.466774897124662944363292893,1028815950780,2023-06-26 15:00:00
661,1687777200,4115155.132183788367434509549036255,1028631670726,2023-06-26 14:00:00
662,1687773600,4111425.423338183610946752585020501,851546678909,2023-06-26 13:00:00
663,1687770000,4119042.10401517232124810243410801,1027954512554,2023-06-26 12:00:00
664,1687766400,4122671.540628390291519529563242146,1026141445391,2023-06-26 11:00:00
665,1687762800,4122209.480358836780962447914311572,1026818581244,2023-06-26 10:00:00
666,1687759200,4120428.671734347492260410544276997,1026818102182,2023-06-26 09:00:00
667,1687755600,4112574.625061577699979964446039549,1026563725735,2023-06-26 08:00:00
668,1687752000,4112761.816260132251747963477498934,1025319638345,2023-06-26 07:00:00
669,1687748400,4111734.1832347662808230368236639,1026571826535,2023-06-26 06:00:00
670,1687744800,4110950.726472070554259091782732889,848293728729,2023-06-26 05:00:00
671,1687741200,4111691.02810748290460040801515319,1025702948384,2023-06-26 04:00:00
672,1687737600,4129329.381952009203669052204996375,844605283587,2023-06-26 03:00:00
673,1687734000,4126653.68038911591261715787093166,839182851953,2023-06-26 02:00:00
674,1687730400,4127212.604465801534422437900822453,835176385140,2023-06-26 01:00:00
675,1687726800,4124545.818991532618031202400666726,1023050114114,2023-06-26 00:00:00
676,1687723200,4104402.055257899418145532332139275,989140602856,2023-06-25 23:00:00
677,1687719600,4101002.288929118775682373442770191,989115616542,2023-06-25 22:00:00
678,1687716000,4099898.697363124136392642027628837,982204812543,2023-06-25 21:00:00
679,1687712400,4110356.573620262445872243090461176,800492381120,2023-06-25 20:00:00
680,1687708800,4112893.472190265039625059099460765,801486497846,2023-06-25 19:00:00
681,1687705200,4112028.830721519374991870819801493,801486499644,2023-06-25 18:00:00
682,1687701600,4120438.506365960670130140877875299,636430388786,2023-06-25 17:00:00
683,1687698000,4126156.152829725779874981977370005,622953423284,2023-06-25 16:00:00
684,1687694400,4135843.824740534497374015488675892,622883914100,2023-06-25 15:00:00
685,1687690800,4122459.032930883375778255926718373,616710253262,2023-06-25 14:00:00
686,1687687200,4119650.874891263260042840333277453,781510273718,2023-06-25 13:00:00
687,1687683600,4127522.57280438535064654045504352,616350386419,2023-06-25 12:00:00
688,1687680000,4127197.352446311909816361472302331,616199391954,2023-06-25 11:00:00
689,1687676400,4130669.157229296978977503689969382,616199391957,2023-06-25 10:00:00
690,1687672800,4136991.674092235414755109797873622,503148252106,2023-06-25 09:00:00
691,1687669200,4135150.461611059496375371692430036,503099075901,2023-06-25 08:00:00
692,1687665600,4137366.457348583418258272212928236,503062888589,2023-06-25 07:00:00
693,1687662000,4125510.324468682632190695477418038,595739159270,2023-06-25 06:00:00
694,1687658400,4118291.560033825188905120467361038,801223470183,2023-06-25 05:00:00
695,1687654800,4115428.861138170340690059264079359,801194764517,2023-06-25 04:00:00
696,1687651200,4113240.96058682502082533819567441,801194764517,2023-06-25 03:00:00
697,1687647600,4115933.911182979807847517560248137,804351755191,2023-06-25 02:00:00
698,1687644000,4116244.81354173089612242973816503,804711287011,2023-06-25 01:00:00
699,1687640400,4112411.585503272051187697235013889,804492731722,2023-06-25 00:00:00
700,1687636800,4116597.361492399463829867075664626,804409872296,2023-06-24 23:00:00
701,1687633200,4117418.512410591994376975286395275,804390205348,2023-06-24 22:00:00
702,1687629600,4115692.108485764693141655172228451,804188425687,2023-06-24 21:00:00
703,1687626000,4113086.196464775709453720497765091,803848329326,2023-06-24 20:00:00
704,1687622400,4108278.746957055600992476669133494,969697350016,2023-06-24 19:00:00
705,1687618800,4111152.051253889221035502383388889,804170687811,2023-06-24 18:00:00
706,1687615200,4122381.838681491363726941019209804,597158763826,2023-06-24 17:00:00
707,1687611600,4103929.921513784592063791167791658,584322285475,2023-06-24 16:00:00
708,1687608000,4104456.875992007900563939141354732,583923219719,2023-06-24 15:00:00
709,1687604400,4099218.913753482503391497979186224,583600876573,2023-06-24 14:00:00
710,1687600800,4100482.456336797877718568827634486,583395171815,2023-06-24 13:00:00
711,1687597200,4099259.663128696318747153900085302,583395171815,2023-06-24 12:00:00
712,1687593600,4098459.064281326144557975446468455,582589145156,2023-06-24 11:00:00
713,1687590000,4094189.753834434835018362654605899,582564175873,2023-06-24 10:00:00
714,1687586400,4093821.620359964361810208083036948,582171506486,2023-06-24 09:00:00
715,1687582800,4092509.33681987423926496885186889,581289631025,2023-06-24 08:00:00
716,1687579200,4090143.316744852936428489791855565,581289631795,2023-06-24 07:00:00
717,1687575600,4091168.375583366447889804294025146,581352348382,2023-06-24 06:00:00
718,1687572000,4089564.77821728544088122192622042,581352294320,2023-06-24 05:00:00
719,1687568400,4084505.210001874240029530483388604,767344817924,2023-06-24 04:00:00
720,1687564800,4060133.429291035370601030300707399,730687316374,2023-06-24 03:00:00
721,1687561200,4086858.488008132304464432749459878,731388678487,2023-06-24 02:00:00
722,1687557600,4086833.528504080182185939607455214,731388678487,2023-06-24 01:00:00
723,1687554000,4085784.34732553706822236591265043,544719836836,2023-06-24 00:00:00
724,1687550400,4097766.043102996945739347474236313,489253419049,2023-06-23 23:00:00
725,1687546800,4074444.481569697240720278805847151,498910504257,2023-06-23 22:00:00
726,1687543200,4089472.11898498570400081950205844,488552884961,2023-06-23 21:00:00
727,1687539600,4095807.527388280266729325333240389,446694140637,2023-06-23 20:00:00
728,1687536000,4073350.546701460727447149939782219,400199259348,2023-06-23 19:00:00
729,1687532400,4079514.3429330338805175531936659,326487732107,2023-06-23 18:00:00
730,1687528800,4018437.604013370571555950881913159,560816283541,2023-06-23 17:00:00
731,1687525200,4011997.759471491038532593931853303,1208096831447,2023-06-23 16:00:00
732,1687521600,4016586.209547343631916954372773645,560143093209,2023-06-23 15:00:00
733,1687518000,4018872.391446945999622930470705616,1207613331463,2023-06-23 14:00:00
734,1687514400,4019003.22415984114454763318131224,1208553233439,2023-06-23 13:00:00
735,1687510800,4016321.526765528628806236213730221,1208553233439,2023-06-23 12:00:00
736,1687507200,4011954.031871439388587354901553589,1208556904582,2023-06-23 11:00:00
737,1687503600,4014723.650543503641948382260860277,1208556904582,2023-06-23 10:00:00
738,1687500000,4014370.52096483014997523199623016,1208556904582,2023-06-23 09:00:00
739,1687496400,4012467.284132246855381264750546893,1208556904582,2023-06-23 08:00:00
740,1687492800,4012033.063752000604375656330276952,1208559354268,2023-06-23 07:00:00
741,1687489200,4011853.282837953910311350206808833,1208485973126,2023-06-23 06:00:00
742,1687485600,4006727.377355643597358632620193395,1208182711633,2023-06-23 05:00:00
743,1687482000,4011554.878785006794109554540923724,1205044413719,2023-06-23 04:00:00
744,1687478400,4009379.639805122208715899600838906,1205044413719,2023-06-23 03:00:00
745,1687474800,4011647.952955890359319113498166909,1205009320935,2023-06-23 02:00:00
746,1687471200,4014134.970442228412974940520582059,1204853792427,2023-06-23 01:00:00
747,1687467600,4017192.245535771777983465607613438,1204020868943,2023-06-23 00:00:00
748,1687464000,4022636.605500009846622299966171016,555898487067,2023-06-22 23:00:00
749,1687460400,4011013.729792640254571633308508736,555603078620,2023-06-22 22:00:00
750,1687456800,3889801.069682392646760075209344255,554101318095,2023-06-22 21:00:00
751,1687453200,4029278.23005029119621033181799201,554043925337,2023-06-22 20:00:00
752,1687449600,4022619.379199559766182158802411227,1467827383031,2023-06-22 19:00:00
753,1687446000,3915296.186377912365848667281534949,583682407600,2023-06-22 18:00:00
754,1687442400,3864036.777044397838232357026314621,579407364964,2023-06-22 17:00:00
755,1687438800,4048442.975905956333131000644768052,699257057532,2023-06-22 16:00:00
756,1687435200,4046788.147950575118892743235535637,1038614883646,2023-06-22 15:00:00
757,1687431600,4042712.639909678515151247308589353,1037968905577,2023-06-22 14:00:00
758,1687428000,4051778.378791068499301379490374762,575751044974,2023-06-22 13:00:00
759,1687424400,4057430.383845593289009524782833287,575372212087,2023-06-22 12:00:00
760,1687420800,4043836.06628142269355016624179571,559835279630,2023-06-22 11:00:00
761,1687417200,4043389.370870910702938527313976826,559212374218,2023-06-22 10:00:00
762,1687413600,4043497.008327522136170734510673929,557748207621,2023-06-22 09:00:00
763,1687410000,4065545.038109322142926943984440423,686210947571,2023-06-22 08:00:00
764,1687406400,4064875.374057097077554583333035483,686156425796,2023-06-22 07:00:00
765,1687402800,4081628.570263375134073812021747776,680918285690,2023-06-22 06:00:00
766,1687399200,4083285.297556566750530867570580208,678769868359,2023-06-22 05:00:00
767,1687395600,4071554.656531952641690019802581539,525122835673,2023-06-22 04:00:00
768,1687392000,4074907.466248363650964361265937135,522247235793,2023-06-22 03:00:00
769,1687388400,4074612.345117389421379547078792318,481631627897,2023-06-22 02:00:00
770,1687384800,4071574.582416232804054387990392358,970508062825,2023-06-22 01:00:00
771,1687381200,4053833.768546507494722103796887425,905616967465,2023-06-22 00:00:00
772,1687377600,4050683.494087864793661204817378832,905708135338,2023-06-21 23:00:00
773,1687374000,4062656.971900746883000878494288909,904435988097,2023-06-21 22:00:00
774,1687370400,3927153.07587301741289004272483373,384689048038,2023-06-21 21:00:00
775,1687366800,4055706.378053832423364311427039989,938618852489,2023-06-21 20:00:00
776,1687363200,4100501.973968984342994031016207664,439454344744,2023-06-21 19:00:00
777,1687359600,4106618.425835526044974750972423882,499179209385,2023-06-21 18:00:00
778,1687356000,4002456.124944500270281972137294293,518503850593,2023-06-21 17:00:00
779,1687352400,3920819.84594977186722999861855547,588271273354,2023-06-21 16:00:00
780,1687348800,3910528.764153839814947135859964969,601942326001,2023-06-21 15:00:00
781,1687345200,3877789.473435781551104680350277703,527936484491,2023-06-21 14:00:00
782,1687341600,3871055.639115113764747834389244497,506066829880,2023-06-21 13:00:00
783,1687338000,3883356.784493796393353615054239352,504429696567,2023-06-21 12:00:00
784,1687334400,3880376.984983382751635147055580289,501522858951,2023-06-21 11:00:00
785,1687330800,3875210.486486817105641482628494027,489233710231,2023-06-21 10:00:00
786,1687327200,3879505.1582066715899983697229008,489233710231,2023-06-21 09:00:00
787,1687323600,3877527.853982760154879171729917106,489223001442,2023-06-21 08:00:00
788,1687320000,3872548.416844695598500296177876252,504005499356,2023-06-21 07:00:00
789,1687316400,3971489.842072418635545603251342227,504669519708,2023-06-21 06:00:00
790,1687312800,3976209.779357666894089866050670225,486948424990,2023-06-21 05:00:00
791,1687309200,3972219.236787087000749104731321424,510227724779,2023-06-21 04:00:00
792,1687305600,3947523.682517513339026204883061278,618821429017,2023-06-21 03:00:00
793,1687302000,3938359.935627402517853212471757217,681058522565,2023-06-21 02:00:00
794,1687298400,3931757.48642042227023448111082818,687264474257,2023-06-21 01:00:00
795,1687294800,3930755.15188715335836477718256649,670604201859,2023-06-21 00:00:00
796,1687291200,3910068.888764751833403118644416957,677150833793,2023-06-20 23:00:00
797,1687287600,3904156.605880287625802947942378576,726247349853,2023-06-20 22:00:00
798,1687284000,3918110.260977825396946040024138491,661076732709,2023-06-20 21:00:00
799,1687280400,3883379.469781298766874921216719755,708711201324,2023-06-20 20:00:00
800,1687276800,3848240.571480131021912780284551917,801271162818,2023-06-20 19:00:00
801,1687273200,3839601.872274559147439806365842599,994999003873,2023-06-20 18:00:00
802,1687269600,3817858.130967909873402125366945924,1101332858272,2023-06-20 17:00:00
803,1687266000,3823831.066007734820519584185193838,1096446517777,2023-06-20 16:00:00
804,1687262400,3823118.854668387632569174064284546,1095911137840,2023-06-20 15:00:00
805,1687258800,3818410.757656221491783967800924816,1090938640883,2023-06-20 14:00:00
806,1687255200,3814475.736023899868202512685965105,1090689375616,2023-06-20 13:00:00
807,1687251600,3814061.039598756200508160115270806,1090689590747,2023-06-20 12:00:00
808,1687248000,3815708.459809246647936951458150183,1090689539793,2023-06-20 11:00:00
809,1687244400,3814538.810883449046503701240495448,1094892870353,2023-06-20 10:00:00
810,1687240800,3819534.968613182538640781572217305,1095008834740,2023-06-20 09:00:00
811,1687237200,3823595.876985668534280561957603076,1095066479600,2023-06-20 08:00:00
812,1687233600,3823299.596612722779438675716332662,1093307139669,2023-06-20 07:00:00
813,1687230000,3822110.725083811462329713876512475,1093375956234,2023-06-20 06:00:00
814,1687226400,3814760.535746474255268060997896818,1087723608610,2023-06-20 05:00:00
815,1687222800,3824315.209738319305906015906408494,1096863134026,2023-06-20 04:00:00
816,1687219200,3815935.173428688840104060491155542,1082351009203,2023-06-20 03:00:00
817,1687215600,3808826.113601266065199747019400669,1083013494875,2023-06-20 02:00:00
818,1687212000,3810196.786361234911138534739609098,1083012363007,2023-06-20 01:00:00
819,1687208400,3809855.954332772448641245433682336,1083012357848,2023-06-20 00:00:00
820,1687204800,3808102.771726852705313670252398966,1080057837181,2023-06-19 23:00:00
821,1687201200,3799651.492529466892787189109690759,1079970750273,2023-06-19 22:00:00
822,1687197600,3804341.08889931168034227364158973,1077670159487,2023-06-19 21:00:00
823,1687194000,3801322.277758122729758368001160525,1077617650661,2023-06-19 20:00:00
824,1687190400,3788586.866103733312062478547462562,1035961174294,2023-06-19 19:00:00
825,1687186800,3791159.818926052571008048131430487,1035767998052,2023-06-19 18:00:00
826,1687183200,3791174.583820396652367890832886477,1035282007746,2023-06-19 17:00:00
827,1687179600,3791792.020536429153803020550873277,1034117408280,2023-06-19 16:00:00
828,1687176000,3790694.819632352100338322700802847,1034164692278,2023-06-19 15:00:00
829,1687172400,3782139.433699303319420666935514725,1032864060959,2023-06-19 14:00:00
830,1687168800,3780645.333631109875390867462961024,1033539744119,2023-06-19 13:00:00
831,1687165200,3783527.037441717855607690664896425,1032299148273,2023-06-19 12:00:00
832,1687161600,3783290.682863496066426860240843073,1032299148273,2023-06-19 11:00:00
833,1687158000,3782450.361223713321385981213666241,1032299148273,2023-06-19 10:00:00
834,1687154400,3783459.318325970167565258955137733,1033555618914,2023-06-19 09:00:00
835,1687150800,3783725.895492594089277412188575317,1033869846623,2023-06-19 08:00:00
836,1687147200,3784763.462185067303779942683446606,1033869848217,2023-06-19 07:00:00
837,1687143600,3783384.040156040263788311471658456,1033102876506,2023-06-19 06:00:00
838,1687140000,3780687.464617815887034250121450408,1030886017982,2023-06-19 05:00:00
839,1687136400,3775996.738795755398641004074947702,1031540895713,2023-06-19 04:00:00
840,1687132800,3770056.581819114706640977880624242,1027452561608,2023-06-19 03:00:00
841,1687129200,3773869.982814444674146116373752749,1027434406703,2023-06-19 02:00:00
842,1687125600,3779172.219738178020462140282136907,1028435595924,2023-06-19 01:00:00
843,1687122000,3777909.567588891526251531760678568,1028243755249,2023-06-19 00:00:00
844,1687118400,3779910.139677818879433138207313873,1025741057257,2023-06-18 23:00:00
845,1687114800,3791051.082921424446523027995122504,1065695169028,2023-06-18 22:00:00
846,1687111200,3789404.623047490234315270621001933,1065956820659,2023-06-18 21:00:00
847,1687107600,3782416.582825738506766144280565097,1065959715682,2023-06-18 20:00:00
848,1687104000,3779477.035621657225682341267638803,1065450095765,2023-06-18 19:00:00
849,1687100400,3776871.27404041596933285049495982,1065493285635,2023-06-18 18:00:00
850,1687096800,3776928.504905933455117976651065294,1065674573728,2023-06-18 17:00:00
851,1687093200,3776485.45689963701953902073959237,1065595465364,2023-06-18 16:00:00
852,1687089600,3777323.887247418200878189877827978,1065589132612,2023-06-18 15:00:00
853,1687086000,3777090.056654755663359446531269073,1064163628543,2023-06-18 14:00:00
854,1687082400,3777418.425770996901674825575066194,1064163628548,2023-06-18 13:00:00
855,1687078800,3778886.278196459443788067319534774,1063300591454,2023-06-18 12:00:00
856,1687075200,3782509.170287986533601072500187005,1062975603577,2023-06-18 11:00:00
857,1687071600,3782436.992854112607646689344410434,1062975603953,2023-06-18 10:00:00
858,1687068000,3780546.267827066187183352908485772,1062402362078,2023-06-18 09:00:00
859,1687064400,3782393.345592987589617469173641585,1062824276584,2023-06-18 08:00:00
860,1687060800,3777724.614487431885424326211770204,1032812304521,2023-06-18 07:00:00
861,1687057200,3777258.765221600926350445885427694,1032439471724,2023-06-18 06:00:00
862,1687053600,3776121.675520651979010510824030161,1032064559935,2023-06-18 05:00:00
863,1687050000,3775489.58023037003468743502161769,1031730496527,2023-06-18 04:00:00
864,1687046400,3775901.502318903456716718643786831,1032033389821,2023-06-18 03:00:00
865,1687042800,3782676.267612295260644339792087344,1036092813474,2023-06-18 02:00:00
866,1687039200,3779753.823119679284140713431542172,1025312331951,2023-06-18 01:00:00
867,1687035600,3780167.935204665931660904587710103,1026331128332,2023-06-18 00:00:00
868,1687032000,3777189.631340956682420787320023088,1023877912566,2023-06-17 23:00:00
869,1687028400,3776169.733803760144709999526657162,1023600979346,2023-06-17 22:00:00
870,1687024800,3775913.975697412932161152896171413,1023877472075,2023-06-17 21:00:00
871,1687021200,3775854.902121111996790504739806082,1003377704350,2023-06-17 20:00:00
872,1687017600,3774912.523524511197000660656201832,1003363475117,2023-06-17 19:00:00
873,1687014000,3775790.874049087371704857154862083,1003377498618,2023-06-17 18:00:00
874,1687010400,3775234.067952977268973616639004497,1018300084019,2023-06-17 17:00:00
875,1687006800,3774483.820218800487292781687731403,1018300084628,2023-06-17 16:00:00
876,1687003200,3773101.372874631469974952656829598,1018289730658,2023-06-17 15:00:00
877,1686999600,3781634.108816711638140847121034567,1018240678650,2023-06-17 14:00:00
878,1686996000,3785398.998567594752608409634083696,1018222934770,2023-06-17 13:00:00
879,1686992400,3784774.256608339157813666199306728,1016288913546,2023-06-17 12:00:00
880,1686988800,3786363.024614216767824126874769009,1016279604947,2023-06-17 11:00:00
881,1686985200,3786142.084412232858611047548644375,1016261298280,2023-06-17 10:00:00
882,1686981600,3775628.966642856403187245714797243,996572265258,2023-06-17 09:00:00
883,1686978000,3786893.176859158308640502181931687,1011170391917,2023-06-17 08:00:00
884,1686974400,3758217.88647088770336762200717355,968718918321,2023-06-17 07:00:00
885,1686970800,3755896.379854321040030203278227112,968462876650,2023-06-17 06:00:00
886,1686967200,3720381.091870836983092373985017798,964395505311,2023-06-17 05:00:00
887,1686963600,3722429.620105198915050857677797275,964405334953,2023-06-17 04:00:00
888,1686960000,3766566.461869139581780250647373399,1004707872822,2023-06-17 03:00:00
889,1686956400,3766190.186221776032532964543544,1003829824957,2023-06-17 02:00:00
890,1686952800,3764220.879261899554219115050060172,1003808158878,2023-06-17 01:00:00
891,1686949200,3764242.654319489819831647669055134,1003819909028,2023-06-17 00:00:00
892,1686945600,3765505.321966782303737374889996431,1003746436263,2023-06-16 23:00:00
893,1686942000,3765438.312492591582024606331556565,1004236738375,2023-06-16 22:00:00
894,1686938400,3765438.11327201491104415922447951,998295514772,2023-06-16 21:00:00
895,1686934800,3774532.913909846530348765338544963,1021973010681,2023-06-16 20:00:00
896,1686931200,3746173.585583031240173531652244738,790473915654,2023-06-16 19:00:00
897,1686927600,3738742.193417869040854932474624274,791027045215,2023-06-16 18:00:00
898,1686924000,3724784.818839264489675850332831872,757498918520,2023-06-16 17:00:00
899,1686920400,3732912.546687133232062096124108891,750504760504,2023-06-16 16:00:00
900,1686916800,3732810.339573093646036550803163579,760700451444,2023-06-16 15:00:00
901,1686913200,3732545.796014957872731927737329702,760680414951,2023-06-16 14:00:00
902,1686909600,3733972.004687859873945375548341467,750412018173,2023-06-16 13:00:00
903,1686906000,3752761.922285920369057677240181762,750181183853,2023-06-16 12:00:00
904,1686902400,3748461.674141732285288529951416715,751699536006,2023-06-16 11:00:00
905,1686898800,3750231.977828812336936974094046777,751699535931,2023-06-16 10:00:00
906,1686895200,3747463.47894392490815484719462884,751699528749,2023-06-16 09:00:00
907,1686891600,3740200.691004334259457040214619712,751670848746,2023-06-16 08:00:00
908,1686888000,3742407.071622986695978978530428352,746715518470,2023-06-16 07:00:00
909,1686884400,3668797.054809330009043495468177647,678830676776,2023-06-16 06:00:00
910,1686880800,3630997.409418209285198042102346194,640908349960,2023-06-16 05:00:00
911,1686877200,3631010.995793656737093059557691687,640966909376,2023-06-16 04:00:00
912,1686873600,3633921.23994709291320726217136451,640966601501,2023-06-16 03:00:00
913,1686870000,3635357.366956784906824884487907109,635325634098,2023-06-16 02:00:00
914,1686866400,3635227.296532355140670432197924848,630310692420,2023-06-16 01:00:00
915,1686862800,3638778.890842801481808437316461952,630308262958,2023-06-16 00:00:00
916,1686859200,3611981.898389602858078465212439335,623627757302,2023-06-15 23:00:00
917,1686855600,3616720.45181055763757497211661206,581301265259,2023-06-15 22:00:00
918,1686852000,3605357.739040171744841350048607167,581341177317,2023-06-15 21:00:00
919,1686848400,3590132.642752846817930855227959602,610831866504,2023-06-15 20:00:00
920,1686844800,3592892.601966353976147243296183985,610860305398,2023-06-15 19:00:00
921,1686841200,3594333.008495480811161600464586681,610860305399,2023-06-15 18:00:00
922,1686837600,3594130.446890640189698066337905651,609586654292,2023-06-15 17:00:00
923,1686834000,3596552.734682976234476060909087333,609586618337,2023-06-15 16:00:00
924,1686830400,3584886.257856236749560334523705012,487388114272,2023-06-15 15:00:00
925,1686826800,3633075.585752221821054805268863166,450461906517,2023-06-15 14:00:00
926,1686823200,3624962.747713037532111432831853494,450004848661,2023-06-15 13:00:00
927,1686819600,3620581.638399614809762046134865028,448311213788,2023-06-15 12:00:00
928,1686816000,3626757.707256079789829428142882589,447459136342,2023-06-15 11:00:00
929,1686812400,3625185.421714006365533221508299954,447459136342,2023-06-15 10:00:00
930,1686808800,3619968.205546249847699584714323037,427204964650,2023-06-15 09:00:00
931,1686805200,3639586.014167526682718556364878125,561991461492,2023-06-15 08:00:00
932,1686801600,3642183.118863226877588129898733073,567291400861,2023-06-15 07:00:00
933,1686798000,3642185.265854424186645451588788463,555682320091,2023-06-15 06:00:00
934,1686794400,3643062.088860962901168520999334059,556672871343,2023-06-15 05:00:00
935,1686790800,3646717.541230068333028684483479276,556407210501,2023-06-15 04:00:00
936,1686787200,3649512.635050139134216320207099815,576190128331,2023-06-15 03:00:00
937,1686783600,3647371.726950473112631170719524237,556495099988,2023-06-15 02:00:00
938,1686780000,3630854.896868414046751059136811913,546771929344,2023-06-15 01:00:00
939,1686776400,3636473.02385461359237947298170164,514866718579,2023-06-15 00:00:00
940,1686772800,3631597.050096051724245335590667644,380357007348,2023-06-14 23:00:00
941,1686769200,3722323.215012085475356579346987536,972857280109,2023-06-14 22:00:00
942,1686765600,3724339.154897257333594599412639946,972716779426,2023-06-14 21:00:00
943,1686762000,3726461.369984059668388119167362347,972716186582,2023-06-14 20:00:00
944,1686758400,3730258.1446514371141095603833108,972718199503,2023-06-14 19:00:00
945,1686754800,3732351.258397291494948702094647773,972734324209,2023-06-14 18:00:00
946,1686751200,3731689.631283965591187381873625158,972557769659,2023-06-14 17:00:00
947,1686747600,3729654.234127654663052091836205391,972669577761,2023-06-14 16:00:00
948,1686744000,3728643.62909446502941295568664709,972576121482,2023-06-14 15:00:00
949,1686740400,3715784.687970388678268261477765506,960424035863,2023-06-14 14:00:00
950,1686736800,3711445.293363093188788504379429398,956604942160,2023-06-14 13:00:00
951,1686733200,3713339.638159046375286833094859077,956916668522,2023-06-14 12:00:00
952,1686729600,3713164.528370981289602346200525151,956709187181,2023-06-14 11:00:00
953,1686726000,3716988.019351984045069282455258899,956456351533,2023-06-14 10:00:00
954,1686722400,3716118.871955323095521853705635898,954829464695,2023-06-14 09:00:00
955,1686718800,3719352.064860651768225235826588969,954829464696,2023-06-14 08:00:00
956,1686715200,3715106.329484544442334890948073296,948647000041,2023-06-14 07:00:00
957,1686711600,3716500.643388925471452319471852343,948628403439,2023-06-14 06:00:00
958,1686708000,3717165.909530452127714093964966776,948637576343,2023-06-14 05:00:00
959,1686704400,3716117.645320562365931117996826118,948637473542,2023-06-14 04:00:00
960,1686700800,3713464.075910973302041165933763923,948637187388,2023-06-14 03:00:00
961,1686697200,3710133.513301161108664449009493766,948637187395,2023-06-14 02:00:00
962,1686693600,3709583.480639864744464508089694031,949533033681,2023-06-14 01:00:00
963,1686686400,3711849.935497996926663104440231644,948484189808,2023-06-13 23:00:00
964,1686682800,3713114.3706203619633092708837075,949235043945,2023-06-13 22:00:00
965,1686679200,3713078.483141809072984943979109971,950345689426,2023-06-13 21:00:00
966,1686675600,3632942.832882758883608619184844345,691916978742,2023-06-13 20:00:00
967,1686672000,3632042.633225558992322303212542759,693354857865,2023-06-13 19:00:00
968,1686668400,3631162.931060861793908571315633906,692851168954,2023-06-13 18:00:00
969,1686664800,3647885.404755238586655960840541372,761610796249,2023-06-13 17:00:00
970,1686661200,3654759.435323558429420811339054638,771778551984,2023-06-13 16:00:00
971,1686657600,3649827.293059214178499913041959048,755076359852,2023-06-13 15:00:00
972,1686654000,3657435.638108456963990728396358744,764798625514,2023-06-13 14:00:00
973,1686650400,3658690.809839599684905616540660616,764774301918,2023-06-13 13:00:00
974,1686646800,3657907.083986541344628321539930979,764931709720,2023-06-13 12:00:00
975,1686643200,3656837.535625504715749900348403677,765142471153,2023-06-13 11:00:00
976,1686639600,3649453.855337724592469601306134592,765033573097,2023-06-13 10:00:00
977,1686636000,3649806.801235788345047353154082196,765033576087,2023-06-13 09:00:00
978,1686632400,3649256.901643277126427233078424975,765022256225,2023-06-13 08:00:00
979,1686628800,3650439.389029683670529648975017558,764942744472,2023-06-13 07:00:00
980,1686625200,3655185.436562801744449698218238273,764943806006,2023-06-13 06:00:00
981,1686621600,3650373.87985865457758435481177992,764937941843,2023-06-13 05:00:00
982,1686618000,3641681.533419232917926003440625483,754762960353,2023-06-13 04:00:00
983,1686614400,3634179.152462598437850772118642847,754763465122,2023-06-13 03:00:00
984,1686610800,3637019.047577405769778902521095436,755150630843,2023-06-13 02:00:00
985,1686607200,3637577.465902103073340786825556658,755083346429,2023-06-13 01:00:00
986,1686603600,3631510.282201339278514886302864955,681576646510,2023-06-13 00:00:00
987,1686600000,3628435.833335221475394475055885845,681576647881,2023-06-12 23:00:00
988,1686596400,3628519.256521270313301974815361611,681445255999,2023-06-12 22:00:00
989,1686592800,3629353.068703280439840697810913853,681445200567,2023-06-12 21:00:00
990,1686589200,3634295.669965919388865362515718374,681440670727,2023-06-12 20:00:00
991,1686585600,3630274.873403315131031699957294097,681424158529,2023-06-12 19:00:00
992,1686582000,3624627.637576239396693053241294817,676872453655,2023-06-12 18:00:00
993,1686578400,3623219.160142540287565701412332763,637380927006,2023-06-12 17:00:00
994,1686574800,3627406.894686577624257549738747278,636126671518,2023-06-12 16:00:00
995,1686571200,3608979.075323135287341315649379432,706042037963,2023-06-12 15:00:00
996,1686567600,3609136.075230246158391659585981367,705594760373,2023-06-12 14:00:00
997,1686564000,3610231.166231675435908858134339255,704528742402,2023-06-12 13:00:00
998,1686560400,3610461.017020664624269719482943338,705564933291,2023-06-12 12:00:00
999,1686556800,3598803.884082240504651916949673425,637217312031,2023-06-12 11:00:00
