['N', 'date', 'time', 'timestamp', '1000', '50 000', '200 000', '300 000']
[0, '2023-07-19', '16:44:15', '1689785055.396526', 3.346814e-05, 0.15317062477278398, 0.2703693305504373, 0.3885131352073614]
[1, '2023-07-19', '17:21:59', '1689787319.202214', 3.340857e-05, 0.3308881682598752, 0.2731343530139867, 0.40359258932733155]
[2, '2023-07-19', '17:47:15', '1689788835.807359', 3.332823e-05, 0.2211394212180977, 0.512954745987372, 0.6430992599622414]
[3, '2023-07-19', '18:24:39', '1689791079.323281', 3.334847e-05, 0.1605444199799848, 0.2810879168616509, 0.4397716835228209]
[4, '2023-07-19', '18:50:06', '1689792606.527365', 3.33006e-05, 0.022244499680269314, 0.42422924602666967, 0.5826852303664936]
[5, '2023-07-19', '19:27:20', '1689794840.923276', 3.326842e-05, 0.11885789919861622, 0.4223136991286083, 0.5461184204770859]
[6, '2023-07-19', '19:53:04', '1689796384.776746', 3.328881e-05, 0.20363503191677523, 0.3612831775807024, 0.4851637780442246]
[7, '2023-07-19', '20:30:19', '1689798619.607372', 3.336419e-05, -0.022346311101912875, 0.31649079977822225, 0.4325781543383158]
[8, '2023-07-19', '20:56:10', '1689800170.344312', 3.3382509999999995e-05, 0.35009115191523676, 0.2617554116705776, 0.37790650883420085]
[9, '2023-07-19', '21:33:31', '1689802411.840067', 3.342353e-05, 0.22764262240235666, 0.32989110965016266, 0.44995798252450925]
[10, '2023-07-19', '21:59:11', '1689803951.071344', 3.343565e-05, 0.16821753801224304, 0.2937488553834555, 0.4138592667619463]
[11, '2023-07-20', '01:45:32', '1689817532.671338', 3.335466e-05, 0.14227871960540028, 0.34368870662628126, 0.5012094473973576]
[12, '2023-07-20', '02:12:19', '1689819139.456993', 3.333424e-05, 0.09688320763575575, 0.40469912845671274, 0.5621234337214247]
[13, '2023-07-20', '02:48:17', '1689821297.311322', 3.3343299999999996e-05, 0.06973027905125662, 0.3913621121179176, 0.4737093010928106]
[14, '2023-07-20', '03:15:30', '1689822930.147753', 3.336175e-05, 0.25706436384346887, 0.3362452110003886, 0.41863796552028987]
[15, '2023-07-20', '03:51:07', '1689825067.339302', 3.33992e-05, 0.14509862644739258, 0.28352863383993565, 0.40062036750772734]
[16, '2023-07-20', '04:18:39', '1689826719.080977', 3.338638e-05, 0.20333824134660006, 0.32180395668940776, 0.43885074568709115]
[17, '2023-07-20', '04:54:00', '1689828840.191317', 3.339451e-05, 0.1790365093200137, 0.11647092869213793, 0.35636393183902726]
[18, '2023-07-20', '05:21:37', '1689830497.561841', 3.334139e-05, -0.050382599938885164, 0.27535372302773453, 0.5148651330227381]
[19, '2023-07-20', '05:57:01', '1689832621.779297', 3.320151e-05, 0.3693673720352848, 0.3878223746749967, 0.5008546193290897]
[20, '2023-07-20', '06:24:32', '1689834272.003338', 3.3223759999999996e-05, -0.00572815661689674, 0.32106724961703037, 0.4341752428573642]
[21, '2023-07-20', '07:00:23', '1689836423.475319', 3.3216250000000006e-05, 0.016877443064046815, 0.20925810262178857, 0.3710511539541699]
[22, '2023-07-20', '07:27:29', '1689838049.467298', 3.312606e-05, 0.09146774536721125, 0.4802136443137357, 0.6415673891229687]
[23, '2023-07-20', '08:03:50', '1689840230.428077', 3.310924e-05, 0.14219703561552421, 0.34447800908364457, 0.4938631084060745]
[24, '2023-07-20', '08:30:21', '1689841821.907303', 3.3133110000000004e-05, -0.10920638465773891, 0.2726316812934897, 0.42212447932240593]
[25, '2023-07-20', '09:07:23', '1689844043.17408', 3.309008e-05, 0.020805532446686925, 0.2018070507699008, 0.29009665946263397]
[26, '2023-07-20', '09:33:29', '1689845609.468542', 3.304213e-05, -0.09009163305439927, 0.3464220940673357, 0.43458376451583547]
[27, '2023-07-20', '10:10:42', '1689847842.015333', 3.291675e-05, 0.28970518055757566, 0.3801536674357209, 0.4653395371213378]
[28, '2023-07-20', '10:37:07', '1689849427.354425', 3.293826e-05, 0.3408975199239421, 0.31505541518987457, 0.40029695100464835]
[29, '2023-07-20', '11:14:06', '1689851646.176876', 3.303699e-05, 0.04217672569076569, 0.2396159874185031, 0.3576326714881475]
[30, '2023-07-20', '11:40:37', '1689853237.575295', 3.304836e-05, 0.04764803257516803, 0.20528248529791426, 0.323339785952129]
[31, '2023-07-20', '12:17:26', '1689855446.970511', 3.303049e-05, 0.10169454289088264, 0.3935265823644585, 0.4294287716849823]
[32, '2023-07-20', '12:44:18', '1689857058.471394', 3.308714e-05, 0.12135474221088316, 0.22269330925500697, 0.2586570737754528]
[33, '2023-07-20', '13:20:36', '1689859236.865557', 3.313684e-05, -0.028672388248622838, 0.04143879582284171, 0.15952437993740887]
[34, '2023-07-20', '13:48:00', '1689860880.167319', 3.307078e-05, 0.16989071876518835, 0.2407113442356632, 0.35856151864651054]
[35, '2023-07-20', '14:23:38', '1689863018.627811', 3.3204240000000006e-05, -0.23298234273119078, 1.7559909727651615, 1.0802025963939315]
[36, '2023-07-20', '14:51:52', '1689864712.641309', 3.36442e-05, -0.0744450215820649, 0.45424655061842145, -0.23049609948617444]
[37, '2023-07-20', '15:26:24', '1689866784.511339', 3.351894e-05, 0.29814000000868646, 0.4956397083958848, 0.6082204238739308]
[38, '2023-07-20', '15:55:39', '1689868539.483326', 3.358418e-05, -0.06909808083730695, 0.30196817625838435, 0.41476801459288026]
[39, '2023-07-20', '16:59:37', '1689872377.997273', 3.367257e-05, 0.029560134007297734, 0.1936010402595798, 0.290378431455693]
[40, '2023-07-20', '17:31:36', '1689874296.460649', 3.367083e-05, 0.03472601725786717, 0.19875844684274568, 0.1499670787699614]
[41, '2023-07-20', '18:03:35', '1689876215.435969', 3.363144e-05, 0.16530113409618252, 0.2879223805873323, 0.2667771721584131]
[42, '2023-07-20', '18:34:12', '1689878052.864706', 3.368547e-05, 0.004913449842234741, 0.12773169134605666, 0.3904993775037582]
[43, '2023-07-20', '19:07:12', '1689880032.070737', 3.368802e-05, 0.09880213113967784, 0.31416141455304114, 0.38295890896976914]
[44, '2023-07-20', '19:36:46', '1689881806.342437', 3.364628e-05, 0.22258132620801518, 0.4376737759965579, 0.4343178158322445]
[45, '2023-07-20', '20:10:28', '1689883828.583441', 3.363695e-05, 0.26971128191192406, 0.40337728483626734, 0.46192704379976135]
[46, '2023-07-20', '20:39:26', '1689885566.111306', 3.370461e-05, 0.06910595548767162, 0.20304082469618834, 0.27668940518914553]
[47, '2023-07-20', '21:13:06', '1689887586.58425', 3.361332e-05, -0.06764511983557497, 0.2578024763321878, 0.546793139491399]
[48, '2023-07-20', '21:42:05', '1689889325.115295', 3.3551169999999996e-05, 0.11737689358643877, 0.4422227471086586, 0.2886702321712704]
[49, '2023-07-20', '22:15:45', '1689891345.865712', 3.352806e-05, 0.1376827492325674, 0.31251856519180876, 0.3573512597161965]
[50, '2023-07-21', '01:52:51', '1689904371.830109', 3.350028e-05, 0.15739116912799034, 0.38991832429601914, 0.37152258987401865]
[51, '2023-07-21', '02:26:32', '1689906392.609991', 3.343993e-05, 0.18624855187673006, 0.3606784131422671, 0.5510010483138075]
[52, '2023-07-21', '02:55:34', '1689908134.912095', 3.347538e-05, 0.08043500834251915, 0.25504978442641857, 0.3237968400009663]
[53, '2023-07-21', '03:29:24', '1689910164.662616', 3.345909e-05, 0.15529884033402652, 0.3573253416345068, 0.3723019010182469]
[54, '2023-07-21', '03:58:17', '1689911897.855338', 3.346837e-05, 0.12760655023404865, 0.32968908431760724, 0.5613074071085578]
[55, '2023-07-21', '04:32:11', '1689913931.025209', 3.351739e-05, 0.03245142045858529, 0.2288081601949017, 0.4156628862996996]
[56, '2023-07-21', '05:01:00', '1689915660.838522', 3.3490850000000005e-05, 0.11160850098606545, 0.30780976000407634, 0.5071404679403599]
[57, '2023-07-21', '05:34:52', '1689917692.782721', 3.353996e-05, 0.17483888872425268, 0.3387947194200933, 0.36124705730375695]
[58, '2023-07-21', '06:03:38', '1689919418.362598', 3.3559360000000007e-05, 0.11709856567202337, 0.281149230801617, 0.3412294073279867]
[59, '2023-07-21', '06:37:28', '1689921448.752501', 3.353506e-05, 0.14031548457201382, 0.30244989650014986, 0.41339133548758866]
[60, '2023-07-21', '07:06:13', '1689923173.963559', 3.353909e-05, 0.12831507280601784, 0.2904689688704707, 0.5457855749959037]
[61, '2023-07-21', '07:40:03', '1689925203.187424', 3.3602769999999994e-05, 0.07796131216274205, 0.24004674829187422, 0.356953845375827]
[62, '2023-07-21', '08:08:45', '1689926925.577214', 3.360958e-05, 0.05771092555876578, 0.21982921022446078, 0.2664723641113511]
[63, '2023-07-21', '08:42:40', '1689928960.168841', 3.357292e-05, 0.14320010215975287, 0.2810069682543741, 0.37525774979995674]
[64, '2023-07-21', '09:11:31', '1689930691.795297', 3.358588e-05, 0.10465284065625724, 0.24251290370200707, 0.3503058569084061]
[65, '2023-07-21', '09:45:21', '1689932721.025629', 3.3570370000000004e-05, 0.1917350046453805, 0.37139070627566184, 0.39632420617181197]
[66, '2023-07-21', '10:14:48', '1689934488.259313', 3.361247e-05, 0.06656724640190248, 0.2464482510311683, 0.30297373702980224]
[67, '2023-07-21', '10:47:57', '1689936477.816722', 3.357949e-05, 0.14166122656463642, 0.30759833314802165, 0.4007948113558797]
[68, '2023-07-21', '11:18:21', '1689938301.9483', 3.3586860000000006e-05, 0.11974439707256579, 0.2857179234013216, 0.44453266015437976]
[69, '2023-07-21', '12:21:35', '1689942095.56054', 3.356974e-05, 0.12505974543182674, 0.3130217631647838, 0.49527838633594]
[70, '2023-07-21', '12:53:10', '1689943990.076411', 3.350596e-05, 0.3148146761949562, 0.27763912841416527, 0.3797030594865163]
[71, '2023-07-21', '13:24:44', '1689945884.511325', 3.349558e-05, 0.12883827642347967, 0.3085326800642889, 0.6112283340692812]
[72, '2023-07-21', '13:55:53', '1689947753.828322', 3.35799e-05, -0.12257209940915459, 0.19220621890038103, 0.3610323014324024]
[73, '2023-07-21', '14:27:53', '1689949673.000121', 3.356829e-05, 0.11939390277251505, 0.22671401927496504, 0.24022082810826362]
[74, '2023-07-21', '14:58:32', '1689951512.319326', 3.3524e-05, 0.25117636902403717, 0.2640396794656681, 0.371843875321062]
[75, '2023-07-21', '15:30:41', '1689953441.719846', 3.352135e-05, 0.09436648860337016, 0.27192359232959973, 0.386233555092943]
[76, '2023-07-21', '16:01:03', '1689955263.42333', 3.3499750000000004e-05, 0.1587422277620334, 0.41460562874344475, 0.4504212251959956]
[77, '2023-07-21', '16:33:21', '1689957201.807265', 3.355228e-05, 0.05396361755140333, 0.25844861962183074, 0.3450027490683141]
[78, '2023-07-21', '17:03:41', '1689959021.091357', 3.3536360000000004e-05, 0.10138635303191279, 0.09712364248935046, 0.39228739131122836]
[79, '2023-07-21', '17:35:57', '1689960957.290172', 3.347569e-05, 0.08884582273819319, 0.2778560627225062, 0.021789175969217922]
[80, '2023-07-21', '18:06:33', '1689962793.399333', 3.336774e-05, 0.411032134459802, 0.32572068578352287, 0.3441917271475461]
[81, '2023-07-21', '18:38:38', '1689964718.628356', 3.331962e-05, 0.15306182779312394, 0.46946210550807166, 0.7586242823706186]
[82, '2023-07-21', '19:09:52', '1689966592.027295', 3.347295e-05, -0.30641313110329804, 0.36682553051684863, 0.30193599664634974]
[83, '2023-07-21', '19:41:23', '1689968483.199283', 3.34982e-05, 0.1228447684817695, 0.29166819734621185, 0.4804954888632551]
[84, '2023-07-21', '20:13:14', '1689970394.867314', 3.351053e-05, 0.08608203723041186, 0.25796748058454, 0.4438644015026654]
[85, '2023-07-21', '20:44:07', '1689972247.897552', 3.3501459999999995e-05, 0.10014836777556013, 0.28496377801556605, 0.33819063558595985]
[86, '2023-07-21', '21:16:47', '1689974207.615352', 3.348385e-05, 0.15266059820500288, 0.2973477284392061, 0.3905777393989496]
[87, '2023-07-21', '21:47:44', '1689976064.718728', 3.348675e-05, 0.07910898079690298, 0.288712589660733, 0.36045759513592657]
[88, '2023-07-21', '22:20:38', '1689978038.987309', 3.345478e-05, 0.17450405156023407, 0.284455996163544, 0.4555840606986692]
[89, '2023-07-22', '01:58:58', '1689991138.722094', 3.342142e-05, 0.14366332068134113, 0.3381075404953151, 0.4569667044071082]
[90, '2023-07-22', '02:36:08', '1689993368.843297', 3.343408e-05, 0.10583784162150778, 0.2731435226341006, 0.41925990435125016]
[91, '2023-07-22', '03:02:00', '1689994920.159291', 3.3424669999999997e-05, 0.12861827952191618, 0.3012115813171192, 0.45364310904858485]
[92, '2023-07-22', '03:40:35', '1689997235.79531', 3.3443939999999996e-05, 0.07104040288906788, 0.31181853799671444, 0.3962526158204156]
[93, '2023-07-22', '04:05:01', '1689998701.507347', 3.3450550000000005e-05, 0.15457131570082083, 0.29211574940588036, 0.38196796984196624]
[94, '2023-07-22', '04:45:27', '1690001127.840619', 3.343704e-05, 0.19489686315893096, 0.37183307682171574, 0.42220167639470674]
[95, '2023-07-22', '05:08:10', '1690002490.833387', 3.347016e-05, 0.09114318755477768, 0.27314955434199817, 0.41728093774756303]
[96, '2023-07-22', '05:50:38', '1690005038.735326', 3.349014e-05, 0.031502631336564946, 0.2826566945611262, 0.35783506934225784]
[97, '2023-07-22', '06:11:26', '1690006286.563299', 3.3500889999999996e-05, 0.08648761058238108, 0.2506484246484604, 0.3590249529251679]
[98, '2023-07-22', '06:55:27', '1690008927.487357', 3.3505470000000004e-05, 0.07282815596060743, 0.2243714106319601, 0.34540275764268813]
[99, '2023-07-22', '07:14:37', '1690010077.406794', 3.349576e-05, 0.08411894060249381, 0.25328672964114674, 0.17071418965738872]
[100, '2023-07-22', '07:59:44', '1690012784.160336', 3.340574e-05, 0.35264330347608563, 0.3773335526047106, 0.43900582742429606]
[101, '2023-07-22', '08:17:57', '1690013877.523914', 3.341213e-05, 0.06939365818172405, 0.35827728147889104, 0.43710835778412616]
[102, '2023-07-22', '09:03:50', '1690016630.75133', 3.341279e-05, 0.06741969841962714, 0.3287548994162961, 0.4351416616027137]
[103, '2023-07-22', '09:21:29', '1690017689.995264', 3.341311e-05, 0.11735432371993681, 0.327800330868385, 0.4411020029174324]
[104, '2023-07-22', '10:07:30', '1690020450.804922', 3.3465149999999996e-05, -0.038210150254286646, 0.32558658319250355, 0.2860417570508389]
[105, '2023-07-22', '10:24:57', '1690021497.44723', 3.348259e-05, 0.08680197782271648, 0.2736423435883353, 0.38361381510674164]
[106, '2023-07-22', '11:28:00', '1690025280.319049', 3.3477390000000005e-05, 0.13286824475798653, 0.3144784441883388, 0.39908469738199415]
[107, '2023-07-22', '12:13:57', '1690028037.151352', 3.347476e-05, 0.14071385507936895, 0.3223097871243539, 0.4119940471441481]
[108, '2023-07-22', '12:30:54', '1690029054.971384', 3.348747e-05, 0.10606500674452946, 0.27964040819516356, 0.44970178786530823]
[109, '2023-07-22', '13:16:41', '1690031801.904226', 3.3522209999999996e-05, 0.002434744390711785, 0.1761902134740012, 0.3464280153202566]
[110, '2023-07-22', '13:33:38', '1690032818.17533', 3.352104e-05, 0.06365676007838772, 0.2312513971228043, 0.3182552217012784]
[111, '2023-07-22', '14:19:18', '1690035558.297906', 3.3488009999999996e-05, 0.16212916478943384, 0.3295586622420785, 0.4164767574897752]
[112, '2023-07-22', '14:36:03', '1690036563.212548', 3.350006e-05, 0.082204460124359, 0.26823168295499045, 0.349729780581427]
[113, '2023-07-22', '15:21:34', '1690039294.594544', 3.3495110000000005e-05, 0.09696840645526095, 0.2829681417305494, 0.36445419712234184]
[114, '2023-07-22', '15:38:19', '1690040299.54062', 3.350925e-05, 0.023806263794625693, 0.21794662947945653, 0.2789455640021572]
[115, '2023-07-22', '16:23:54', '1690043034.687371', 3.3510299999999997e-05, 0.02067354660688636, 0.21481999560853637, 0.2758208415103809]
[116, '2023-07-22', '16:40:49', '1690044049.299136', 3.348894e-05, 0.10557525358581188, 0.2762172679803854, 0.3798907580109301]
[117, '2023-07-22', '17:26:14', '1690046774.848659', 3.34808e-05, 0.12985612414892955, 0.30045666138724414, 0.40410495198749175]
[118, '2023-07-22', '17:43:05', '1690047785.727308', 3.350105e-05, 0.2165964705970964, 0.33797427585975015, 0.5462229038624429]
[119, '2023-07-22', '18:28:32', '1690050512.191326', 3.3555509999999995e-05, 0.05438650535090517, 0.17596162488503353, 0.3845487861659791]
[120, '2023-07-22', '18:45:28', '1690051528.095341', 3.355513e-05, 0.07342512546090063, 0.2383386197592614, 0.2542535138752413]
[121, '2023-07-22', '19:30:56', '1690054256.671351', 3.3535790000000004e-05, 0.13101929833621284, 0.29583774228071036, 0.311743463609929]
[122, '2023-07-22', '19:47:43', '1690055263.711295', 3.353626e-05, 0.06941391207362813, 0.23242116572350824, 0.3509356545035871]
[123, '2023-07-22', '20:33:22', '1690058002.851254', 3.352696e-05, 0.09712584091177234, 0.2600878907297499, 0.37856951404583583]
[124, '2023-07-22', '20:50:10', '1690059010.303328', 3.354301e-05, 0.06601903221738326, 0.22944246983986716, 0.36166539210948656]
[125, '2023-07-22', '21:35:46', '1690061746.323743', 3.354504e-05, 0.05997109610893858, 0.2234044240059916, 0.3556353483163406]
[126, '2023-07-22', '21:52:34', '1690062754.111327', 3.3544820000000006e-05, 0.08744874729657681, 0.24366563319054535, 0.38514022686371163]
[127, '2023-07-22', '22:38:03', '1690065483.312507', 3.356933e-05, 0.014446220193917725, 0.17077724817819728, 0.31235521227610263]
[128, '2023-07-23', '02:01:42', '1690077702.879337', 3.352769e-05, 0.11862304181477157, 0.47363180665108473, 0.44314661339682004]
[129, '2023-07-23', '02:47:07', '1690080427.617319', 3.3501330000000006e-05, 0.19715135965049058, 0.5518810109826688, 0.5214197856693659]
[130, '2023-07-23', '03:03:56', '1690081436.287284', 3.349945e-05, 0.14504126173004295, 0.4025585076231124, 0.5592384961491064]
[131, '2023-07-23', '03:49:28', '1690084168.895358', 3.351867e-05, 0.08775040152337965, 0.3454153955575947, 0.5021852777797449]
[132, '2023-07-23', '04:06:21', '1690085181.353131', 3.352037e-05, 0.13303253448745522, 0.3795319620540738, 0.45861366167204665]
[133, '2023-07-23', '04:51:51', '1690087911.205829', 3.347162e-05, 0.27827301554252415, 0.5244139492412643, 0.6033806372153947]
[134, '2023-07-23', '05:09:02', '1690088942.945476', 3.346056e-05, -0.07947960307264168, 0.17031283151149523, 0.39477075106486836]
[135, '2023-07-23', '05:54:11', '1690091651.168732', 3.3423689999999996e-05, 0.03079740403558162, 0.2803145937624123, 0.5045251844159111]
[136, '2023-07-23', '06:11:54', '1690092714.675303', 3.344466e-05, 0.19050988768609045, 0.4034927952309886, 0.4850225917164579]
[137, '2023-07-23', '06:56:33', '1690095393.816247', 3.344604e-05, 0.1863915292888123, 0.39938322497543766, 0.4809163855590697]
[138, '2023-07-23', '07:14:46', '1690096486.703898', 3.34641e-05, 0.11401904090223525, 0.32543867435946083, 0.4345943776139336]
[139, '2023-07-23', '07:58:49', '1690099129.879418', 3.346533e-05, 0.11034765106715838, 0.32177505542361473, 0.43093477078404874]
[140, '2023-07-23', '08:17:41', '1690100261.295082', 3.346487e-05, 0.0853581580169731, 0.2966119536898617, 0.33280187612486145]
[141, '2023-07-23', '09:01:04', '1690102864.927342', 3.343093e-05, 0.18669137533163394, 0.3977309178541333, 0.4338841365467516]
[142, '2023-07-23', '09:20:38', '1690104038.034538', 3.3432509999999996e-05, 0.14734075685156256, 0.32751609672124005, 0.49285702775709694]
[143, '2023-07-23', '10:03:20', '1690106600.191328', 3.345517e-05, 0.07966228286171884, 0.25995974258424326, 0.4254127389570215]
[144, '2023-07-23', '10:23:20', '1690107800.527474', 3.3463930000000005e-05, 0.07564275333602666, 0.29006210193978177, 0.43423338735206585]
[145, '2023-07-23', '11:05:49', '1690110349.030843', 3.345639e-05, 0.09815743268300992, 0.31252846891317176, 0.4566672700508292]
[146, '2023-07-23', '11:26:11', '1690111571.662858', 3.345968e-05, 0.12094257597776448, 0.32433731170381463, 0.4387769927607508]
[147, '2023-07-23', '12:08:23', '1690114103.365835', 3.345924e-05, 0.12225600112905965, 0.3256480621826796, 0.44008623833998683]
[148, '2023-07-23', '12:28:56', '1690115336.632151', 3.3459e-05, 0.17741444055198485, 0.3625274552471751, 0.47912020770111496]
[149, '2023-07-23', '13:11:10', '1690117870.295301', 3.348808e-05, 0.09065629511820816, 0.27593019586699086, 0.39262428181092446]
[150, '2023-07-23', '13:31:33', '1690119093.035044', 3.349478e-05, 0.09237139113272974, 0.2957910958808725, 0.3864630122292141]
[151, '2023-07-23', '14:14:04', '1690121644.043352', 3.348612e-05, 0.11820228370025632, 0.3215693947414735, 0.4122178680698738]
[152, '2023-07-23', '14:34:06', '1690122846.260833', 3.349838e-05, 0.0619234334564851, 0.25970250082737323, 0.36059944074467865]
[153, '2023-07-23', '15:17:08', '1690125428.191354', 3.348463e-05, 0.10294477695995852, 0.3006426624296239, 0.401498187421069]
[154, '2023-07-23', '15:36:48', '1690126608.024619', 3.34769e-05, 0.09148802302661352, 0.2960782278764924, 0.3061315991066351]
[155, '2023-07-23', '16:20:15', '1690129215.36745', 3.3437139999999995e-05, 0.2101478283312872, 0.41449504453694885, 0.424536475532463]
[156, '2023-07-23', '16:39:22', '1690130362.181821', 3.342154e-05, 0.03488328695139842, 0.2619943261149871, 0.38568535651367597]
[157, '2023-07-23', '17:23:29', '1690133009.823356', 3.338548e-05, 0.14274013940858765, 0.3696061382756568, 0.493163712868423]
[158, '2023-07-23', '18:26:56', '1690136816.458762', 3.322333e-05, 0.12938051173372855, 0.3904524757804211, 0.4401048254824218]
[159, '2023-07-23', '18:44:32', '1690137872.54919', 3.318208e-05, -0.28579054234924683, 0.0242676028087061, 0.5637181320338271]
[160, '2023-07-23', '19:30:10', '1690140610.518417', 3.315965e-05, -0.21800063038875805, 0.09184792561153188, 0.33089000935042634]
[161, '2023-07-23', '19:46:48', '1690141608.745733', 3.326639e-05, -0.043750357987676125, 0.20425548893032897, 0.010057889578277468]
[162, '2023-07-23', '20:33:29', '1690144409.972151', 3.3223759999999996e-05, 0.08445306528011542, 0.3321410992567735, 0.4565619452552738]
[163, '2023-07-23', '20:49:25', '1690145365.772796', 3.321458e-05, 0.2360292511240374, 0.25321648554360365, 0.4840666214671927]
[164, '2023-07-23', '21:36:37', '1690148197.558609', 3.333698e-05, -0.13161381465197053, -0.1143632430626127, 0.3632798778138664]
[165, '2023-07-23', '21:52:05', '1690149125.136812', 3.338647e-05, 0.036649917856408365, 0.2320909976545238, 0.21536542129000225]
[166, '2023-07-23', '22:39:51', '1690151991.922083', 3.33457e-05, 0.15872049862908, 0.35392291489600325, 0.40078674588117735]
[167, '2023-07-24', '02:02:16', '1690164136.919282', 3.347216e-05, 0.43667198483561265, 0.5963350947929911, 0.370107169844232]
[168, '2023-07-24', '02:51:01', '1690167061.063839', 3.3583429999999996e-05, 0.10569807970827583, 0.26589195057994175, 0.4267761319718204]
[169, '2023-07-24', '03:04:56', '1690167896.759292', 3.360285e-05, 0.26931471283511144, 0.42157809403626345, 0.3691967838374097]
[170, '2023-07-24', '03:53:33', '1690170813.962475', 3.367669e-05, 0.050163247956248824, 0.2027612176839142, 0.42607027190405233]
[171, '2023-07-24', '04:07:46', '1690171666.922602', 3.3719689999999994e-05, -0.22672611477963756, 0.06833527566674036, 0.2989295410808239]
[172, '2023-07-24', '04:56:07', '1690174567.307724', 3.3584099999999996e-05, 0.17629484401039974, 0.47016976524751897, 0.456404622841319]
[173, '2023-07-24', '05:10:40', '1690175440.127306', 3.358587e-05, 0.059590138942240856, 0.29411538911158175, 0.4511583258192928]
[174, '2023-07-24', '05:58:40', '1690178320.671337', 3.359159e-05, 0.04256931606627745, 0.2771345081644938, 0.5038603627657778]
[175, '2023-07-24', '06:13:46', '1690179226.055314', 3.359471e-05, 0.20961004573145203, 0.4156890150556478, 0.49461912245328676]
[176, '2023-07-24', '07:01:12', '1690182072.207174', 3.3613200000000005e-05, 0.15468698462289865, 0.36087937657055136, 0.4484630903452995]
[177, '2023-07-24', '07:16:55', '1690183015.444019', 3.3636609999999996e-05, -0.1925982794386698, 0.11834644793731286, 0.3791301652130983]
[178, '2023-07-24', '08:03:42', '1690185822.139698', 3.3553199999999996e-05, 0.05585317338275786, 0.36602683911755207, 0.45007662466970544]
[179, '2023-07-24', '08:20:12', '1690186812.559278', 3.356022e-05, 0.22587809332830489, 0.43307117240104276, 0.4292487911964571]
[180, '2023-07-24', '09:06:14', '1690189574.247875', 3.36164e-05, 0.05885564327533643, 0.2663955647460625, 0.45328553768608515]
[181, '2023-07-24', '09:23:41', '1690190621.00791', 3.361568e-05, 2.0180235387500147, 0.3868500583471075, 0.4554176408979913]
[182, '2023-07-24', '10:08:47', '1690193327.223297', 3.414023e-05, 0.4890809217109222, -1.1675459200145752, 0.6220880506761404]
[183, '2023-07-24', '10:27:05', '1690194425.183332', 3.414907e-05, 0.06922245697865037, 0.3969062419062084, 0.5963559234575229]
[184, '2023-07-24', '11:11:20', '1690197080.095331', 3.411711e-05, 0.1627473362879357, 0.4901244430609921, 0.5659598355136524]
[185, '2023-07-24', '11:30:19', '1690198219.536592', 3.413799e-05, 0.28260009378661266, 0.4493349969596494, 0.5051052449978215]
[186, '2023-07-24', '12:14:00', '1690200840.628046', 3.426136e-05, -0.07776487282183098, 0.08957258735597406, 0.3643347849386487]
[187, '2023-07-24', '12:33:33', '1690202013.631325', 3.4282420000000004e-05, -0.12501366910782963, 0.03365286393616884, 0.303090073420222]
[188, '2023-07-24', '13:16:36', '1690204596.479352', 3.4229170000000006e-05, 0.030507935781201923, 0.18892801618606825, 0.343100462928831]
[189, '2023-07-24', '13:36:45', '1690205805.258987', 3.423614e-05, 0.337832291160197, 0.5766904447253154, 0.32280757853307307]
[190, '2023-07-24', '14:19:15', '1690208355.449722', 3.436786e-05, -0.04560756890020912, 0.19416956665259022, 0.49545626155220646]
[191, '2023-07-24', '14:39:40', '1690209580.927339', 3.443469e-05, 0.42358254751692925, 0.32309891863627627, 0.30196476519368787]
[192, '2023-07-24', '15:21:58', '1690212118.185255', 3.4402799999999995e-05, 0.5158003648563607, 0.41540979396243927, 0.4872495935562995]
[193, '2023-07-24', '15:42:21', '1690213341.291914', 3.444633e-05, -0.008180931095637334, 0.2520642616690765, 0.3613357137211466]
[194, '2023-07-24', '16:24:38', '1690215878.175371', 3.442245e-05, 0.061149977614647355, 0.32121475478201944, 0.40713204998748154]
[195, '2023-07-24', '16:45:00', '1690217100.874596', 3.43886e-05, 0.13205235012729588, 0.3715010866119286, 0.5050686750710582]
[196, '2023-07-24', '17:27:17', '1690219637.663358', 3.439731e-05, 0.10675763548259454, 0.3462670199289164, 0.5833575460370639]
[197, '2023-07-24', '17:47:40', '1690220860.031324', 3.443612e-05, 0.179450842217733, 0.41428738249713604, 0.4711871497578528]
[198, '2023-07-24', '18:29:54', '1690223394.445169', 3.4429590000000006e-05, 0.19837946094713743, 0.43317147000153966, 0.4150074895718916]
[199, '2023-07-24', '18:50:17', '1690224617.385424', 3.437354e-05, 0.07119070854184884, 0.334494253592311, 0.5771278874682935]
[200, '2023-07-24', '19:32:32', '1690227152.506079', 3.434842e-05, 0.14421815027179719, 0.4073292744935486, 0.5584647426817639]
[201, '2023-07-24', '19:52:54', '1690228374.920166', 3.435437e-05, 0.16725944950852067, 0.40611481315355036, 0.5412389973700016]
[202, '2023-07-24', '20:35:10', '1690230910.271896', 3.435312e-05, 0.17089191098834533, 0.40973858376798944, 0.5963980195365366]
[203, '2023-07-24', '20:55:33', '1690232133.492298', 3.4346799999999994e-05, 0.11952575508067298, 0.41322648324835143, 0.6146854637196952]
[204, '2023-07-24', '21:37:47', '1690234667.901571', 3.431726e-05, 0.2054280577462606, 0.49887618830629776, 0.519476476152164]
[205, '2023-07-24', '21:58:10', '1690235890.314656', 3.4312719999999996e-05, 0.1444470247228935, 0.3246988718799173, 0.5326372464700313]
[206, '2023-07-25', '01:48:13', '1690249693.867697', 3.4395259999999996e-05, 0.14542397560882137, 0.339318368626067, 0.4776037759880438]
[207, '2023-07-25', '02:08:31', '1690250911.384054', 3.440292e-05, -0.17366951147194243, 0.2604040696621581, 0.45543963025761514]
[208, '2023-07-25', '02:50:47', '1690253447.512615', 3.431414e-05, 0.08483814948324664, 0.5177915625463498, 0.5273295867682464]
[209, '2023-07-25', '03:11:06', '1690254666.175315', 3.433488e-05, 0.19915649840224603, 0.3917270397004273, 0.46720675739321393]
[210, '2023-07-25', '03:53:24', '1690257204.456407', 3.437629e-05, 0.07879047617059598, 0.27159326951438345, 0.45541994768333893]
[211, '2023-07-25', '04:13:39', '1690258419.72809', 3.4375749999999994e-05, 0.2036735441242854, 0.4071631388307537, 0.45698364385964396]
[212, '2023-07-25', '04:55:57', '1690260957.887351', 3.4396330000000003e-05, 0.1439276942602845, 0.34753911367917567, 0.43314380024082766]
[213, '2023-07-25', '05:16:13', '1690262173.105063', 3.437751e-05, 0.01290735482996297, 0.21836823890586743, 0.4876219446730943]
[214, '2023-07-25', '05:58:37', '1690264717.347846', 3.435051e-05, 0.09143693714757717, 0.29673645282099415, 0.458470946930845]
[215, '2023-07-25', '06:18:55', '1690265935.167327', 3.4352059999999996e-05, 0.10654430336812482, 0.33898206346768234, 0.45397932890153925]
[216, '2023-07-25', '07:01:16', '1690268476.37766', 3.435105e-05, 0.10948131472213163, 0.3419122408170381, 0.4467683980589783]
[217, '2023-07-25', '07:21:37', '1690269697.343364', 3.43437e-05, 0.1775688678625471, 0.3359134772360335, 0.46806953011387975]
[218, '2023-07-25', '08:03:55', '1690272235.999372', 3.435033e-05, 0.15829829659602979, 0.31667347415991287, 0.5226952664719562]
[219, '2023-07-25', '08:24:16', '1690273456.150516', 3.4353389999999995e-05, -0.05851695137995705, 0.23511609295425728, 0.5138336179089151]
[220, '2023-07-25', '09:06:32', '1690275992.112558', 3.430238e-05, 0.09005601186150614, 0.3832530520170536, 0.4760194748243265]
[221, '2023-07-25', '09:26:55', '1690277215.372963', 3.4286079999999995e-05, 0.13715308365506473, 0.2065224778564385, 0.5233118458656492]
[222, '2023-07-25', '10:09:26', '1690279766.68733', 3.430184e-05, 0.09124995132258107, 0.16065123198202969, 0.3939327699060726]
[223, '2023-07-25', '10:29:35', '1690280975.119724', 3.429716e-05, 0.16148397820090565, 0.3107575350834395, 0.40752260632991977]
[224, '2023-07-25', '11:12:24', '1690283544.479402', 3.430633e-05, 0.13479024636072268, 0.28410371437630033, 0.5147385270210094]
[225, '2023-07-25', '11:32:23', '1690284743.085314', 3.433536e-05, 0.17411359292817963, 0.3414399693300396, 0.4305541464544973]
[226, '2023-07-25', '12:15:37', '1690287337.663312', 3.4346799999999994e-05, 0.14085318323692775, 0.30823531014632977, 0.4281117495718263]
[227, '2023-07-25', '12:35:02', '1690288502.419047', 3.432692e-05, 0.18498344579489867, 0.3701268426898707, 0.48574416768408923]
[228, '2023-07-25', '13:18:58', '1690291138.574061', 3.436029e-05, 0.08795093887572136, 0.27327431798738644, 0.20014368889313516]
[229, '2023-07-25', '14:22:30', '1690294950.65535', 3.416327e-05, 0.07680363234487686, 0.3597167210314609, 0.7723905381023286]
[230, '2023-07-25', '14:41:08', '1690296068.543332', 3.425786e-05, -0.1998600226394558, 0.31464116533783226, 0.39813829758828945]
[231, '2023-07-25', '15:25:52', '1690298752.738792', 3.425964e-05, 0.08724347589529202, 0.3094616258474616, 0.4405212254829536]
[232, '2023-07-25', '15:43:45', '1690299825.045856', 3.425602e-05, 0.0978006264846556, 0.2657667128613639, 0.45104104744149254]
[233, '2023-07-25', '16:29:00', '1690302540.616831', 3.422821e-05, 0.09697258966467359, 0.34673376705258363, 0.425068233826039]
[234, '2023-07-25', '16:46:19', '1690303579.028256', 3.4235229999999996e-05, 0.07648307962543299, 0.4005392968363424, 0.404646014230039]
[235, '2023-07-25', '17:31:58', '1690306318.920666', 3.419189e-05, 0.11188895014538502, 0.5266269739711049, 0.42861640565723746]
[236, '2023-07-25', '17:48:53', '1690307333.706582', 3.419606e-05, 0.09970672146258153, 0.22333465857070678, 0.4164728046574595]
[237, '2023-07-25', '18:34:45', '1690310085.027371', 3.4160839999999996e-05, 0.008050676078823926, 0.3260989581223299, 0.45367220442767575]
[238, '2023-07-25', '18:51:28', '1690311088.057193', 3.418241e-05, -0.05508671594424186, 0.34386900267452347, 0.39081618886859815]
[239, '2023-07-25', '19:37:20', '1690313840.982381', 3.422233e-05, 0.12218293761169718, 0.22748537877518515, 0.4627038687716407]
[240, '2023-07-25', '19:54:01', '1690314841.607863', 3.4242410000000003e-05, 0.06357948873453267, 0.3521432251452694, 0.4043002210271709]
[241, '2023-07-25', '20:39:57', '1690317597.563248', 3.423057e-05, 0.08314415122910646, 0.38659847009485304, 0.38518493656815167]
[242, '2023-07-25', '20:56:34', '1690318594.263045', 3.422037e-05, 0.11291730223587138, 0.3028059761749944, 0.41486808568447486]
[243, '2023-07-25', '21:42:28', '1690321348.671358', 3.42123e-05, 0.12715780970489732, 0.3263170123143624, 0.4932536683183173]
[244, '2023-07-25', '21:59:10', '1690322350.023291', 3.423267e-05, 0.06769352944850482, 0.3379153097979781, 0.434007361499539]
[245, '2023-07-26', '01:52:26', '1690336346.933146', 3.434398e-05, 0.06630475346315734, 0.31600127541837253, 0.37801928361155035]
[246, '2023-07-26', '02:10:22', '1690337422.839222', 3.433528e-05, 0.09161990763705319, 0.24067760802262228, 0.4032554744150616]
[247, '2023-07-26', '02:55:00', '1690340100.019904', 3.4296470000000004e-05, -0.1852408363981226, 0.35343799040578006, -0.06400486011395401]
[248, '2023-07-26', '03:13:38', '1690341218.047339', 3.4125790000000004e-05, 0.3133415805665578, 0.5341984146261325, 0.43397421322872276]
[249, '2023-07-26', '03:57:40', '1690343860.950768', 3.42068e-05, 0.15555008031559225, 0.29808008340418723, 0.44459135962016205]
[250, '2023-07-26', '04:17:03', '1690345023.082354', 3.422796e-05, 0.09378725654077869, 0.3387358659955879, 0.38300733402201104]
[251, '2023-07-26', '05:20:25', '1690348825.037088', 3.424514e-05, 0.11742258048344922, 0.17314721196788696, 0.38050670364015104]
[252, '2023-07-26', '06:02:28', '1690351348.460097', 3.421071e-05, 0.08237819355692011, 0.2735129439079884, 0.48066395673338036]
[253, '2023-07-26', '06:23:16', '1690352596.671343', 3.4206269999999996e-05, 0.09534589404664473, 0.4199503482700351, 0.3906898720495633]
[254, '2023-07-26', '07:04:41', '1690355081.896098', 3.4256590000000006e-05, 0.08061199641097971, 0.2734605936584842, 0.24415707307323942]
[255, '2023-07-26', '07:26:17', '1690356377.792725', 3.426651e-05, 0.0516774080880964, 0.28113471482801344, 0.38628225159294516]
[256, '2023-07-26', '08:07:09', '1690358829.121866', 3.426369e-05, 0.07634499946728113, 0.28934118814858323, 0.39448007168172694]
